sample,baboon_id,collection_date,sex,age,social_group,group_size,rain_month_mm,season,hydro_year,month,diet_PC1,diet_PC2,diet_PC3,diet_PC4,diet_PC5,diet_PC6,diet_PC7,diet_PC8,diet_PC9,diet_PC10,diet_PC11,diet_PC12,diet_PC13,time_diff
sample_12051-TGCTCCGTAGAA-408,Baboon_107,11481,F,5.66187542778919,g_1.1,55,7.2,dry,2001,6,43.3590569053698,10.9023324202792,-3.42875473157838,-1.24439829966212,0.113646747491096,0.138339769972853,0.899480035083729,0.433708149145369,0.258753761980225,0.1090253499096,-0.342229731991853,-1.21250564289771,0.409778253866931,
sample_11408-ACGTGAGGAACG-395,Baboon_107,11677,F,6.19849418206708,g_1.1,59,11.6,wet,2002,12,-15.5255500841638,-17.655372395995,12.5117171608293,-9.36313102943162,13.8703621229199,-13.1074243638805,2.34938663284392,-7.32791840955748,-5.3470375269614,0.650202941129779,-0.822407538500553,-0.0785111266463693,-0.518367155435761,196.0
sample_11408-TTACACAAAGGC-395,Baboon_107,11681,F,6.20944558521561,g_1.1,59,24.0,wet,2002,12,-14.5811181353616,-20.3526133211806,10.4783688596027,-16.4175953419899,16.0145096775161,-14.67982090634,3.31321252509247,-6.71095271971112,-3.62374145724515,1.52733022461105,-0.901031119305139,-0.0161934235654029,-0.573461605159994,4.0
sample_11408-ACGCTTAACGAC-395,Baboon_107,11684,F,6.217659137577,g_1.1,57,24.0,wet,2002,12,-14.5811181353616,-20.3526133211806,10.4783688596027,-16.4175953419899,16.0145096775161,-14.67982090634,3.31321252509247,-6.71095271971112,-3.62374145724515,1.52733022461105,-0.901031119305139,-0.0161934235654029,-0.573461605159994,3.0
sample_11406-CACCATCTCCGG-394,Baboon_107,11688,F,6.22861054072553,g_1.1,58,24.0,wet,2002,1,-18.2763665130569,-18.240292980289,10.0100315142829,-15.9855245563327,14.6671435629141,-12.7247951855142,4.57292600670114,-6.49284795141434,-1.92222060387046,2.73931775686452,0.106305423768767,0.0336751197888193,-0.450218807177705,4.0
sample_12052-TAAACAATCAGG-408,Baboon_107,11692,F,6.23956194387406,g_1.1,57,24.0,wet,2002,1,-5.68277785672328,-13.4275495333075,5.98361530862532,-16.5704466023131,10.9534977394674,-7.63777246540573,7.87070416125545,-5.94882081872375,0.0773392544526062,3.75704407876196,-2.97988841556698,0.371157583203194,0.489283675755499,4.0
sample_12051-TCCGAGTCACCA-408,Baboon_107,11704,F,6.27241615331964,g_1.1,57,79.6,wet,2002,1,-4.67407444733752,-11.7399840115599,9.6100366273435,-3.35505383783714,5.04319303139941,-0.817026013389811,8.99748061270248,-4.8261562167989,1.97066541525842,5.86332080052116,0.382513198922904,-2.31660217721923,-1.13596548627295,12.0
sample_11409-ACTACTGAGGAT-395,Baboon_107,11708,F,6.28336755646817,g_1.1,57,71.4,wet,2002,1,-6.17154588626206,-12.0519065878122,10.5781867440988,-2.1391958603238,6.61773904689215,-3.71384427685115,5.68523649446342,-4.19116927582925,-0.0356618800655598,3.69191372717811,-0.334464361727226,-2.13357781300808,-1.01180394848883,4.0
sample_11409-AGAGCCAAGAGC-395,Baboon_107,11711,F,6.29158110882957,g_1.1,57,67.4,wet,2002,1,-8.60873459940045,-12.9612085028568,9.5376534224736,-3.7118481080223,6.18424143076492,-1.98455421843246,6.38187958138953,-3.21671131082205,-0.151101482893159,2.52252017303081,-9.22928873709643,-1.82044769980492,-0.756764273505094,3.0
sample_12051-TAATATTTCGAC-408,Baboon_107,11724,F,6.32717316906229,g_1.1,56,61.0,wet,2002,2,-25.8438309544833,-14.5762960421124,8.40058031323884,-3.0916166109078,7.77270187972861,-4.36784000110513,1.2927138594598,5.53125363496196,-6.4055176585945,3.44560154544813,-6.89209893032536,-1.62734380990408,-0.614316102815021,13.0
sample_12053-TAATATTTCGAC-409,Baboon_107,11727,F,6.33538672142368,g_1.1,56,61.0,wet,2002,2,-27.2420630038324,-13.2253328288035,7.70168491634935,-3.33783517246033,7.56489101964806,-4.01542316202862,0.629273163991415,7.05140347044964,-4.28053850091756,3.04206744087294,-6.99892946743551,-1.34822355983821,-0.504488109037937,3.0
sample_11408-GAGCATTACATG-395,Baboon_107,11730,F,6.34360027378508,g_1.1,56,61.0,wet,2002,2,-21.5131886892229,-6.94834530235025,5.33925433631705,-1.85380130939078,4.73715989152348,-0.871081526615722,1.82452994256776,7.33497982410068,-3.02883669497845,3.15468974960283,-8.61608763419684,0.657815527950316,0.491863475580949,3.0
sample_12050-GTTCGGTGTCCA-407,Baboon_107,11733,F,6.35181382614647,g_1.1,56,57.0,wet,2002,2,-21.922623357751,-7.25524332338226,5.55208462984091,-3.10940894983225,6.15777849447511,-2.93831609529843,0.493244834332305,7.32429823588283,-2.14369771492117,2.46467056173687,-7.0971937627906,0.725771140493597,0.523621180080507,3.0
sample_12051-GTCCTACACAGC-408,Baboon_107,11752,F,6.40383299110198,g_1.1,58,0.0,wet,2002,3,-11.0865129459667,0.483731574118942,1.30938027029384,-3.78937695535351,5.11611502013318,-3.95000544361942,-1.74923926516429,7.98339426193483,-2.70547347909581,1.93591568205185,-1.6381696292354,-0.0855813074637773,-2.00475836929013,19.0
sample_12051-ACTGGCAAACCT-408,Baboon_107,11755,F,6.41204654346338,g_1.1,58,7.0,wet,2002,3,-6.32801245363973,1.53666978297654,3.67770319398447,-0.838083213794731,4.78503326876643,-3.68642047906766,-2.5501731560067,5.99673871692868,4.1732765162606,-1.03313739788348,-2.44033649260887,-0.0877229529793087,-2.43191856273899,3.0
sample_11409-CTGGAACATTAG-395,Baboon_107,11762,F,6.43121149897331,g_1.1,59,38.0,wet,2002,3,-13.8764442529276,-7.12640658330727,2.31249275934921,2.34271098831906,4.86951980557588,-3.18604433555032,-3.21046624221984,8.4793973158113,4.49705241283853,0.174056315249539,-0.732791102425483,-1.54101711942184,-6.88479519419492,7.0
sample_11410-TTACAGGAGTAA-396,Baboon_107,11772,F,6.45859000684463,g_1.1,58,42.4,wet,2002,3,-24.6774126918737,-10.8409162770177,-9.23979589837407,0.343396657296086,4.22480328493106,-2.78687488100784,-1.80491601050579,10.7978846642483,-4.98136436155057,5.56177631047914,-0.323608001839472,-0.484159489473629,-2.95103241748548,10.0
sample_11410-TCGAAGACGTAT-396,Baboon_107,11775,F,6.46680355920602,g_1.1,58,42.4,wet,2002,3,-24.6774126918737,-10.8409162770177,-9.23979589837407,0.343396657296086,4.22480328493106,-2.78687488100784,-1.80491601050579,10.7978846642483,-4.98136436155057,5.56177631047914,-0.323608001839472,-0.484159489473629,-2.95103241748548,3.0
sample_11409-TGCATACACTGG-395,Baboon_107,11786,F,6.49691991786448,g_1.1,57,70.4,wet,2002,4,-35.2132854441656,-8.35264169648691,-11.9312852759943,-2.87042832736489,5.32155517739301,-4.65973298618853,-2.6208766555808,9.72631627632622,-5.54969373987404,5.46620719700098,0.124801454697511,-0.583959556437107,-3.0186922066193,11.0
sample_12052-TGAAGCACACTA-408,Baboon_107,11793,F,6.5160848733744,g_1.1,58,42.6,wet,2002,4,-21.5797876103935,-2.28210945531136,-15.4041046965445,-2.26644381587322,3.2958613906968,-3.73336047873081,-0.889406325890676,6.21488414742738,-8.76395114650871,6.33007307880722,1.32709247877812,0.314162613689645,0.235074261496948,7.0
sample_11410-ATTTCCGCTAAT-396,Baboon_107,11946,F,6.93497604380561,g_1.1,58,0.0,dry,2002,9,33.8925214749663,6.31209892902393,-1.94805276329962,-7.71291306841023,2.53640874336462,-6.0802577382731,0.883823020291351,-3.60399458904895,-2.87415661421212,0.247524183009892,0.980894482916621,-2.04268236461201,0.655963788700138,153.0
sample_11410-TATGTTGACGGC-396,Baboon_107,11946,F,6.93497604380561,g_1.1,58,0.0,dry,2002,9,33.8925214749663,6.31209892902393,-1.94805276329962,-7.71291306841023,2.53640874336462,-6.0802577382731,0.883823020291351,-3.60399458904895,-2.87415661421212,0.247524183009892,0.980894482916621,-2.04268236461201,0.655963788700138,0.0
sample_12049-TGAGCTGCGGGA-407,Baboon_107,11951,F,6.94866529774127,g_1.1,58,1.0,dry,2002,9,35.6515849244398,5.13613018391688,-2.29192785907543,-9.30331687424963,3.06226917015056,-6.90310864534735,0.713175672576894,-3.49885541390645,-2.84260383764281,0.253588054347745,1.04240559913063,-2.27721256214096,0.751469969635109,5.0
sample_12049-TAGTTGAGCTGA-407,Baboon_107,11951,F,6.94866529774127,g_1.1,58,1.0,dry,2002,9,35.6515849244398,5.13613018391688,-2.29192785907543,-9.30331687424963,3.06226917015056,-6.90310864534735,0.713175672576894,-3.49885541390645,-2.84260383764281,0.253588054347745,1.04240559913063,-2.27721256214096,0.751469969635109,0.0
sample_12049-CAGTGATACTGC-407,Baboon_107,11954,F,6.95687885010267,g_1.1,58,1.0,dry,2002,9,37.0125428098092,8.54118949413932,-3.89948745030535,-7.35840410380568,0.342930413108649,-3.53022275438608,1.19330142735846,-1.0276653656036,-0.130485113317141,0.637090605716707,0.904693393235162,-2.33610033574149,0.740473208951544,3.0
sample_12049-ATAGATCAGAAC-407,Baboon_107,11954,F,6.95687885010267,g_1.1,58,1.0,dry,2002,9,37.0125428098092,8.54118949413932,-3.89948745030535,-7.35840410380568,0.342930413108649,-3.53022275438608,1.19330142735846,-1.0276653656036,-0.130485113317141,0.637090605716707,0.904693393235162,-2.33610033574149,0.740473208951544,0.0
sample_12049-GGTAGCGACGCC-407,Baboon_107,11956,F,6.96235455167693,g_1.1,58,1.0,dry,2002,9,37.0125428098092,8.54118949413932,-3.89948745030535,-7.35840410380568,0.342930413108649,-3.53022275438608,1.19330142735846,-1.0276653656036,-0.130485113317141,0.637090605716707,0.904693393235162,-2.33610033574149,0.740473208951544,2.0
sample_12049-TTATAGATCTCC-407,Baboon_107,11956,F,6.96235455167693,g_1.1,58,1.0,dry,2002,9,37.0125428098092,8.54118949413932,-3.89948745030535,-7.35840410380568,0.342930413108649,-3.53022275438608,1.19330142735846,-1.0276653656036,-0.130485113317141,0.637090605716707,0.904693393235162,-2.33610033574149,0.740473208951544,0.0
sample_12049-CTGTCGTGTCAG-407,Baboon_107,11957,F,6.96509240246407,g_1.1,58,1.0,dry,2002,9,37.0125428098092,8.54118949413932,-3.89948745030535,-7.35840410380568,0.342930413108649,-3.53022275438608,1.19330142735846,-1.0276653656036,-0.130485113317141,0.637090605716707,0.904693393235162,-2.33610033574149,0.740473208951544,1.0
sample_12049-CACACTGAAGTC-407,Baboon_107,11960,F,6.97330595482546,g_1.1,58,1.0,dry,2002,9,37.0125428098092,8.54118949413932,-3.89948745030535,-7.35840410380568,0.342930413108649,-3.53022275438608,1.19330142735846,-1.0276653656036,-0.130485113317141,0.637090605716707,0.904693393235162,-2.33610033574149,0.740473208951544,3.0
sample_12049-TGGGAGGTGGTA-407,Baboon_107,11960,F,6.97330595482546,g_1.1,58,1.0,dry,2002,9,37.0125428098092,8.54118949413932,-3.89948745030535,-7.35840410380568,0.342930413108649,-3.53022275438608,1.19330142735846,-1.0276653656036,-0.130485113317141,0.637090605716707,0.904693393235162,-2.33610033574149,0.740473208951544,0.0
sample_12049-ACGGGTCATCAT-407,Baboon_107,11960,F,6.97330595482546,g_1.1,58,1.0,dry,2002,9,37.0125428098092,8.54118949413932,-3.89948745030535,-7.35840410380568,0.342930413108649,-3.53022275438608,1.19330142735846,-1.0276653656036,-0.130485113317141,0.637090605716707,0.904693393235162,-2.33610033574149,0.740473208951544,0.0
sample_12049-CTAGGATCACTG-407,Baboon_107,11960,F,6.97330595482546,g_1.1,58,1.0,dry,2002,9,37.0125428098092,8.54118949413932,-3.89948745030535,-7.35840410380568,0.342930413108649,-3.53022275438608,1.19330142735846,-1.0276653656036,-0.130485113317141,0.637090605716707,0.904693393235162,-2.33610033574149,0.740473208951544,0.0
sample_11408-AGTACGCAGTCT-395,Baboon_107,11977,F,7.01984941820671,g_1.1,58,4.2,dry,2002,10,19.9728966733771,1.23533654749803,-0.452344578131026,-7.06151953855477,1.57356346895696,-6.0470503689981,-3.12424391370274,5.1991360723634,3.48436715784666,-1.00530730912292,-1.0886575683639,0.864256405649466,0.286716919614755,17.0
sample_11408-CTGCGGATATAC-395,Baboon_107,11979,F,7.02532511978097,g_1.1,58,3.2,dry,2002,10,19.9728966733771,1.23533654749803,-0.452344578131026,-7.06151953855477,1.57356346895696,-6.0470503689981,-3.12424391370274,5.1991360723634,3.48436715784666,-1.00530730912292,-1.0886575683639,0.864256405649466,0.286716919614755,2.0
sample_11408-TCTTCGCAGCAG-395,Baboon_107,11981,F,7.03080082135524,g_1.1,58,3.2,dry,2002,10,19.9728966733771,1.23533654749803,-0.452344578131026,-7.06151953855477,1.57356346895696,-6.0470503689981,-3.12424391370274,5.1991360723634,3.48436715784666,-1.00530730912292,-1.0886575683639,0.864256405649466,0.286716919614755,2.0
sample_11408-TACTGAGCCTCG-395,Baboon_107,11981,F,7.03080082135524,g_1.1,58,3.2,dry,2002,10,19.9728966733771,1.23533654749803,-0.452344578131026,-7.06151953855477,1.57356346895696,-6.0470503689981,-3.12424391370274,5.1991360723634,3.48436715784666,-1.00530730912292,-1.0886575683639,0.864256405649466,0.286716919614755,0.0
sample_11408-CAGTCCCTGCAC-395,Baboon_107,11981,F,7.03080082135524,g_1.1,58,3.2,dry,2002,10,19.9728966733771,1.23533654749803,-0.452344578131026,-7.06151953855477,1.57356346895696,-6.0470503689981,-3.12424391370274,5.1991360723634,3.48436715784666,-1.00530730912292,-1.0886575683639,0.864256405649466,0.286716919614755,0.0
sample_12053-ACTGTGACGTCC-409,Baboon_107,11985,F,7.04175222450376,g_1.1,59,3.2,dry,2002,10,20.7278544986683,-6.21387728321264,2.04819628409738,-7.59964660731744,3.71528183633739,-5.91594720094428,-5.25775217492254,4.72266096853577,2.68111363800034,-1.02621718029066,-0.811322898386892,0.927065445071581,0.353123430537244,4.0
sample_12053-AACAGTAAACAA-409,Baboon_107,11985,F,7.04175222450376,g_1.1,59,3.2,dry,2002,10,20.7278544986683,-6.21387728321264,2.04819628409738,-7.59964660731744,3.71528183633739,-5.91594720094428,-5.25775217492254,4.72266096853577,2.68111363800034,-1.02621718029066,-0.811322898386892,0.927065445071581,0.353123430537244,0.0
sample_12053-CATGTCTTCCAT-409,Baboon_107,11985,F,7.04175222450376,g_1.1,59,3.2,dry,2002,10,20.7278544986683,-6.21387728321264,2.04819628409738,-7.59964660731744,3.71528183633739,-5.91594720094428,-5.25775217492254,4.72266096853577,2.68111363800034,-1.02621718029066,-0.811322898386892,0.927065445071581,0.353123430537244,0.0
sample_12053-GTCACTCCGAAC-409,Baboon_107,11995,F,7.06913073237509,g_1.1,59,6.8,wet,2003,11,15.6685442255765,-3.0268618085283,1.42082972589997,-6.26445863321263,3.95011412300235,-5.1181535100295,-4.86341246810732,6.75272639643067,4.66602825110413,-0.946978158739062,-0.547864262177725,1.02111239385968,0.36678193843696,10.0
sample_12053-CAAAGGAGCCCG-409,Baboon_107,11998,F,7.07734428473648,g_1.1,59,6.8,wet,2003,11,11.0069311834422,-4.7727712763697,2.30467062096541,-5.6910059621235,3.79192795486742,-4.71964106050446,-5.5686678809717,8.26927452681608,5.92391961881396,-0.994406315207291,-0.677916252386121,1.11658356939508,0.412105402498404,3.0
sample_12053-GCGTGCCCGGCC-409,Baboon_107,11998,F,7.07734428473648,g_1.1,59,6.8,wet,2003,11,11.0069311834422,-4.7727712763697,2.30467062096541,-5.6910059621235,3.79192795486742,-4.71964106050446,-5.5686678809717,8.26927452681608,5.92391961881396,-0.994406315207291,-0.677916252386121,1.11658356939508,0.412105402498404,0.0
sample_12053-ATGACTAAGATG-409,Baboon_107,12002,F,7.08829568788501,g_1.1,58,30.1,wet,2003,11,11.4330527129081,-6.07525518809526,2.08584597803216,-7.50234403393269,5.34427919850139,-5.06483378169264,-6.64374989931246,8.02988081342416,5.67960593715155,-1.0266818955387,-0.246625067423306,1.14816476664464,0.43644955548033,4.0
sample_11409-CAATAGAATAAG-395,Baboon_107,12006,F,7.09924709103354,g_1.1,58,30.1,wet,2003,11,1.22613385234105,-14.7920904033297,10.4258993840144,3.80113491646907,7.58943840765103,-1.5948699644375,-6.42640599276386,9.34802819018821,6.28010127947511,-0.656961504031938,-0.31594061472002,1.24216225649264,0.514784812705128,4.0
sample_11409-ACATAGCGGTTC-395,Baboon_107,12006,F,7.09924709103354,g_1.1,58,30.1,wet,2003,11,1.22613385234105,-14.7920904033297,10.4258993840144,3.80113491646907,7.58943840765103,-1.5948699644375,-6.42640599276386,9.34802819018821,6.28010127947511,-0.656961504031938,-0.31594061472002,1.24216225649264,0.514784812705128,0.0
sample_11412-CTGACGATCCGT-397,Baboon_107,12006,F,7.09924709103354,g_1.1,58,30.1,wet,2003,11,1.22613385234105,-14.7920904033297,10.4258993840144,3.80113491646907,7.58943840765103,-1.5948699644375,-6.42640599276386,9.34802819018821,6.28010127947511,-0.656961504031938,-0.31594061472002,1.24216225649264,0.514784812705128,0.0
sample_11412-TACCGGCTTGCA-397,Baboon_107,12009,F,7.10746064339494,g_1.1,58,42.5,wet,2003,11,2.90064119776224,-5.27618842419058,7.10944586313884,3.15347120013285,5.24220887730959,-0.980767051363246,-4.51548175642829,6.12849784133608,4.30261434676335,-0.510150001062012,-0.199211085681055,0.958700522769642,0.338060636036923,3.0
sample_11410-TGTATGCTTCTA-396,Baboon_107,12016,F,7.12662559890486,g_1.1,59,54.5,wet,2003,11,2.90064119776224,-5.27618842419058,7.10944586313884,3.15347120013285,5.24220887730959,-0.980767051363246,-4.51548175642829,6.12849784133608,4.30261434676335,-0.510150001062012,-0.199211085681055,0.958700522769642,0.338060636036923,7.0
sample_11410-ATACTGAGTGAA-396,Baboon_107,12016,F,7.12662559890486,g_1.1,59,54.5,wet,2003,11,2.90064119776224,-5.27618842419058,7.10944586313884,3.15347120013285,5.24220887730959,-0.980767051363246,-4.51548175642829,6.12849784133608,4.30261434676335,-0.510150001062012,-0.199211085681055,0.958700522769642,0.338060636036923,0.0
sample_11409-CTTACACTGCTT-395,Baboon_107,12031,F,7.16769336071184,g_1.1,59,70.4,wet,2003,12,1.04456904977551,-4.85454099509065,10.0876319978234,8.06047458603498,4.09598953770201,-2.84453970046772,-1.4625835363609,3.70227953006966,1.8164369019818,-0.594705322556224,-0.690552823044422,0.731014519976578,0.297077241389868,15.0
sample_11411-AATTTCCTAACA-396,Baboon_107,12033,F,7.17316906228611,g_1.1,59,72.2,wet,2003,12,-3.76195372218008,-3.22429170234001,8.22900853246852,2.71490819718081,4.73341021752599,-3.18918244196097,0.677220973886839,1.65751873316968,2.40002302053599,1.04754239982033,0.528400913833861,0.636595394791048,0.286370332113493,2.0
sample_11411-AATAAGCAATAG-396,Baboon_107,12033,F,7.17316906228611,g_1.1,59,72.2,wet,2003,12,-3.76195372218008,-3.22429170234001,8.22900853246852,2.71490819718081,4.73341021752599,-3.18918244196097,0.677220973886839,1.65751873316968,2.40002302053599,1.04754239982033,0.528400913833861,0.636595394791048,0.286370332113493,0.0
sample_11411-GTCTCCTCCCTT-396,Baboon_107,12034,F,7.17590691307324,g_1.1,59,72.2,wet,2003,12,-3.76195372218008,-3.22429170234001,8.22900853246852,2.71490819718081,4.73341021752599,-3.18918244196097,0.677220973886839,1.65751873316968,2.40002302053599,1.04754239982033,0.528400913833861,0.636595394791048,0.286370332113493,1.0
sample_11410-CGGGATCAAATT-396,Baboon_107,12038,F,7.18685831622177,g_1.1,59,59.8,wet,2003,12,-7.14582615705942,3.25428600964494,1.26634402202429,-9.60108575221038,3.87132298271222,-1.39568101989464,6.69338921812039,-2.91249784105928,4.06491941645848,5.21467985493356,3.3486640968449,-1.14957965168921,-4.3092869856279,4.0
sample_12053-GCGTGGTCATTA-409,Baboon_107,12046,F,7.20876112251882,g_1.1,60,85.8,wet,2003,12,-15.1327075740998,-7.5545539036215,3.00542147147298,-13.6917223821865,6.58650546332006,-1.64338448618214,7.15431926485967,3.07054978260666,11.0266701781365,7.2303075329707,4.94946892704369,-0.945961630508957,-4.87801053946833,8.0
sample_12053-GCACGCGAGCAC-409,Baboon_107,12059,F,7.24435318275154,g_1.1,60,113.1,wet,2003,1,-21.2577084123245,-9.75016680012696,1.64920921190707,-10.7695904848996,4.58266734990796,2.22956990598029,6.00584694550942,13.1319083170541,12.4274168002602,9.27627658465152,5.22157529323252,-0.431000032636291,-4.36663202023111,13.0
sample_12049-ACACGTTTGGGT-407,Baboon_107,12066,F,7.26351813826146,g_1.1,60,88.5,wet,2003,1,-33.3472788171413,-16.0923941841394,-5.72662361287985,-7.44439883076249,5.14732696055336,6.33070072327331,-1.10421837103097,10.1873646251154,11.2149053785451,7.50337939558468,1.79427861169616,-0.522865298342217,-4.35946662548633,7.0
sample_11408-CTCGATGTAAGC-395,Baboon_107,12205,F,7.64407939767283,g_1.1,59,98.2,dry,2003,6,-35.2761206036562,-11.3647590484147,-1.70492947549018,-6.01363624829089,8.7665056001291,-13.3524545142388,-7.65047448696876,4.32576186511981,3.3896592300161,-0.939960630938277,2.30515627012369,-0.791896983266457,0.97319394899064,139.0
sample_11413-TGCATACACTGG-397,Baboon_107,12222,F,7.69062286105407,g_1.1,59,14.4,dry,2003,6,-17.6465549150577,-16.0900744382325,-8.7438500201497,-2.04295554419237,7.40821509971547,-8.98319925368075,-5.27119451106809,5.95963398749606,7.48809768076948,-3.77180244472473,2.50366330864438,-0.450514098623531,0.863152354551026,17.0
sample_12050-GATGTGGTGTTA-407,Baboon_107,12290,F,7.87679671457906,g_1.1,61,0.0,dry,2003,8,54.3346235040068,14.9877520104833,-5.86237218876123,-3.61330530706646,0.0674728326964535,-1.63481402738612,2.05656140960253,-2.07640024447768,-1.75128140405719,0.131847804938484,0.197355227390192,0.351947356951068,-0.111275588974066,68.0
sample_12049-TAAGTCGGCCTA-407,Baboon_107,12315,F,7.94524298425736,g_1.1,60,0.0,dry,2003,9,34.0196460468261,1.31136567329158,4.3188345905656,2.41665367412004,3.77176290744056,-4.89246367004405,0.603359603392583,-2.96082385327023,-3.72864562004888,-0.264229136148737,1.07014714505043,0.355516338422958,0.0715924318958049,25.0
sample_12049-GCAGGGTCGAAC-407,Baboon_107,12333,F,7.99452429842574,g_1.1,61,0.0,dry,2003,10,14.5082659065706,-4.43823372237677,5.72160026413985,-6.89497341062916,7.77200913769535,-12.5457032451313,-1.84857250413877,-5.32971519589824,-5.84323548961028,-0.827176903610807,1.79717327882916,0.305775953956131,0.251792745965055,18.0
sample_11413-CACGTACACGTA-397,Baboon_107,12341,F,8.01642710472279,g_1.1,61,0.0,dry,2003,10,11.5317551937872,1.2351910429326,2.67739478259395,-8.60693673285242,5.30405015940509,-10.8686259408252,-1.64929728292619,-4.88555473444506,-4.86927870292786,-0.890449050999931,0.437657502581008,0.274098162156085,0.189528649280616,8.0
sample_12049-GAGTGCTCTAAC-407,Baboon_107,12482,F,8.40246406570842,g_1.1,68,13.4,wet,2004,3,-39.5770022167304,-2.59016374974514,5.91327889938806,-6.34923817939906,10.4391719346781,-10.2218726872865,-5.28790533315999,6.98804825761405,-0.920274125931741,0.0454937762516822,-0.255907781547121,0.825596622245172,0.564911442624843,141.0
sample_12049-GTTAGATCTATT-407,Baboon_107,12516,F,8.49555099247091,g_1.1,67,39.6,wet,2004,4,0.60650561345927,2.63368559662627,2.35391796958425,-0.407906736799886,5.74443020727139,-7.14476357562816,-1.16906686406824,-3.55155501698593,-2.99915808936697,-0.915743248127308,-0.722027783170582,0.299898374227708,0.17027259294366,34.0
sample_11409-ACTTTAAGGGTG-395,Baboon_107,12551,F,8.59137577002053,g_1.1,67,22.0,wet,2004,5,3.29569757518872,-10.0431715940667,11.7336735444066,9.25703936085546,6.48061923064591,-7.06910261986367,-1.2349069722864,-3.16111873569127,-3.90215782139925,-0.572614456054342,1.85611006961018,0.365636963440155,0.236187370282567,35.0
sample_11411-CTCTTCTGATCA-396,Baboon_107,12598,F,8.72005475701574,g_1.1,67,1.8,dry,2004,6,48.2371438971551,9.61038922509618,-3.07933884466066,-1.22259133992393,0.611184874988552,-1.10392649542409,1.34997726131492,0.930131730402139,0.409552830916714,0.0332093541010863,-0.656537083700466,0.55268909379102,0.0072115926713269,47.0
sample_12049-AAGTGAAGCGAG-407,Baboon_107,12682,F,8.95003422313484,g_1.1,67,0.0,dry,2004,9,30.4025018716302,-6.52898711258558,2.50130142598176,-9.2417411366436,8.74358342805698,-8.70470744557233,0.900237172282,0.450813619834831,1.23046458179033,1.53577029185774,2.62341421417095,0.743570765309564,0.353664677627059,84.0
sample_11411-ATGGCTGTCAGT-396,Baboon_107,12780,F,9.21834360027379,g_1.1,72,47.0,wet,2005,12,-47.0990961998735,11.2751533141863,5.90555742907484,-0.394411382582681,1.26510554203689,1.50401436219195,5.45564721931727,-3.70729046106743,3.39155836435629,3.86479097452457,0.395077541931688,0.154344351622174,0.0919728223142732,98.0
sample_11407-TAGTGCATTCGG-394,Baboon_107,12791,F,9.24845995893224,g_1.1,72,62.6,wet,2005,1,-53.0202430720784,15.4773023401817,6.96937256066081,4.82048810610251,1.12611382213509,-0.22051589448946,0.794257155477476,-2.70296140210613,0.689936673220538,0.595465159809952,-0.573626563035192,0.134553630012445,0.0571378200532271,11.0
sample_11406-GCTTACGTAGGT-394,Baboon_107,12830,F,9.35523613963039,g_1.1,71,16.6,wet,2005,2,-39.8329052659767,1.72151012309134,15.3989752754764,17.8756623131426,1.10384687336246,0.485025533292819,-1.90346143589544,2.52840849310427,2.12560405039584,-0.332541835867024,2.20216379869819,0.493469191217126,0.161665177838859,39.0
sample_11410-TAAACCTGGACA-396,Baboon_107,13136,F,10.1930184804928,g_1.1,68,12.6,wet,2006,12,-24.2307806342506,-1.00124789730533,3.66895733495251,-6.97101986920104,9.2260604941321,0.555268027814592,-11.1773437724016,-1.32120585505631,-0.126582137515858,-0.705379798671504,1.477628738937,0.611830069740488,0.212965143890382,306.0
sample_11406-GTGCATTCGCCA-394,Baboon_107,13214,F,10.4065708418891,g_1.1,68,46.8,wet,2006,3,-15.6460877343757,0.475776325541127,13.0791140529216,14.7191311978653,0.943092448095237,0.38982794300002,0.718941751394416,-0.985286529782153,-0.725209658098677,0.22836121269763,0.363731916820655,0.321917523851378,0.0955720881132655,78.0
sample_11413-CTAGGATCACTG-397,Baboon_107,13288,F,10.6091718001369,g_1.1,69,40.8,wet,2006,5,-23.6177071581638,-40.8705335349307,-36.9849263186828,23.4026009964025,2.79891671646855,-5.11426953639313,-2.32609142146436,-7.47358423270776,6.56215050478034,1.75415371707051,-0.180350944549153,0.11620755361298,0.211534772899182,74.0
sample_11406-GTCTGACGGTCT-394,Baboon_107,13405,F,10.9295003422313,g_1.1,69,0.0,dry,2006,9,29.9936182132082,12.4375678330411,-2.01131739161579,2.91487007013529,-2.30233667669802,1.76914662158134,1.16780175499813,-1.48331619058485,-0.513413123865875,0.182029966098546,-0.8784069687651,0.317008285534056,-0.111981092625776,117.0
sample_11411-TCACGTATTCTC-396,Baboon_107,13411,F,10.9459274469541,g_1.1,69,0.0,dry,2006,9,30.7068374174013,12.011317051837,-1.51565039941517,3.80976962972668,-2.48912609295237,1.06758759172704,1.83498608059968,-1.32672498143186,-0.546122198667972,0.145896744409888,-0.968535401815895,0.31413865368987,-0.100254721326913,6.0
sample_12053-CACCCTTGCGAC-409,Baboon_107,13508,F,11.211498973306,g_1.1,71,161.7,wet,2007,12,-60.9040583583888,28.7726500946159,-1.06472834032066,-0.71243298091747,-0.563487779941431,4.39093310026794,-3.83162625126144,-2.5710954018233,-1.63450912242299,0.152608690736502,-1.37920569064455,0.015685859616244,-0.130026326333437,97.0
sample_12050-AGTGCCCTTGGT-407,Baboon_107,13662,F,11.6331279945243,g_1.1,74,8.0,wet,2007,5,42.9980847335684,11.5072419512416,-4.89600010010711,-4.32292494456147,1.33366603551524,-1.88875840528018,0.426277120533434,2.50576388729362,1.92157819291285,-0.162326231968415,-0.70198977376138,0.657937950234673,0.056287254498989,154.0
sample_11407-TTCGATGCCGCA-394,Baboon_107,13669,F,11.6522929500342,g_1.1,74,8.0,dry,2007,6,38.3918096485024,12.4152275791806,-4.22220449247811,-2.39945223238505,0.491748658970752,-0.79031199771912,0.502471100540287,2.84069127212762,2.41672183548809,-0.0696548505732758,-0.525865362810431,0.649471289398068,0.0350105590376323,7.0
sample_11413-TTCCGAATCGGC-397,Baboon_107,13728,F,11.813826146475,g_1.1,76,0.0,dry,2007,8,43.1410235874542,14.3730311248076,-6.04524394251721,-4.05797653978607,-0.0865789070083922,1.20491087431134,0.14183055793903,0.484103542205556,0.806768318289867,0.122800905860187,-0.712713319301624,-0.538221145322796,0.206312222411072,59.0
sample_11411-GTTTGGCCACAC-396,Baboon_107,13766,F,11.917864476386,g_1.1,76,3.2,dry,2007,9,22.6651220474201,-2.78756700435978,1.24479898947456,-6.64297778169028,7.35229709386083,-8.73130354234545,-3.29711807218548,1.22988576366121,-0.164815163705922,-0.960849712023156,0.682191375507177,0.720763125089295,0.310590862281448,38.0
sample_12050-GAGGGCGTGATC-407,Baboon_107,13782,F,11.9616700889802,g_1.1,76,0.0,dry,2007,9,11.0750642856264,-3.12918296756736,4.06011798126784,-3.55066893849272,3.51783167841111,-7.73000700876587,-3.75734526908398,3.68994835249447,1.80172567774884,-0.962994992896242,1.74154217874805,-0.519074629394467,0.644623892117095,16.0
sample_11412-CCATTAGTTCCT-397,Baboon_107,13798,F,12.0054757015743,g_1.1,75,0.0,dry,2007,10,0.946555311634381,-3.28493371503836,9.62629019908044,8.55248543469326,0.167398489267857,-1.98460857277059,-1.54981342876421,2.60608616588051,1.25075951344761,-0.436852652976428,0.517813688260513,-0.584635181359214,0.495553551602926,16.0
sample_11412-CATTCAGTTATA-397,Baboon_107,13815,F,12.0520191649555,g_1.1,75,5.4,dry,2007,10,3.60965734911261,-7.22473924541052,10.92795596767,12.2586386556072,0.204963078032746,-1.03955114123583,-1.20573468655698,3.30496299508127,1.9505731429043,-0.25166229355302,0.116790824632729,0.663700651854784,0.216107228544421,17.0
sample_11412-TTATACGTTGTA-397,Baboon_107,13818,F,12.0602327173169,g_1.1,75,5.5,wet,2008,11,3.60965734911261,-7.22473924541052,10.92795596767,12.2586386556072,0.204963078032746,-1.03955114123583,-1.20573468655698,3.30496299508127,1.9505731429043,-0.25166229355302,0.116790824632729,0.663700651854784,0.216107228544421,3.0
sample_11406-TGAGTTCGGTCC-394,Baboon_107,13827,F,12.0848733744011,g_1.1,75,5.5,wet,2008,11,2.15227765515865,-0.619343113897949,7.52320747935659,10.628490807472,-1.76756043328275,0.422556117548501,-0.772084033165978,2.96243371762805,2.41116673540505,-0.181971714391977,-0.436525240245567,0.588753136571367,0.127835148842642,9.0
sample_11409-ACGTTAATATTC-395,Baboon_107,13857,F,12.1670088980151,g_1.1,75,26.4,wet,2008,12,-33.8911044031026,13.9642581380568,6.33797648969812,7.40814440555018,0.354726504055028,1.06335487396201,-1.02857871975377,-0.687452725634421,1.01981986990093,-0.0211600535573409,0.62211329375354,0.283114322222565,0.0181912471056977,30.0
sample_11409-AATCCGGTCACC-395,Baboon_107,13862,F,12.1806981519507,g_1.1,74,36.8,wet,2008,12,-44.3182042796636,10.1162551505086,7.87399288353217,7.07726715332232,1.56346775389136,2.80406789691181,-3.53993298739938,0.792587647856494,2.38166297292947,-0.0982630995111345,0.150890856555674,0.419946236249263,0.091823607450578,5.0
sample_12052-TCTCCTAGGCGC-408,Baboon_107,13890,F,12.2573579739904,g_1.1,76,35.4,wet,2008,1,-52.4760932141759,22.1969828716099,-1.747789289569,-3.00559844858703,1.12435290407181,3.64845732624117,-5.29926183761255,3.17413821196593,1.11105530131997,0.68189578368564,-0.558129236257164,0.410427962352738,0.0405666090295565,28.0
sample_11407-AACTCAATAGCG-394,Baboon_107,13903,F,12.2929500342231,g_1.1,77,37.4,wet,2008,1,-36.9285786047425,14.5036512212609,1.38680714356763,0.307598388959191,2.03372008138194,-0.371455573945508,-3.13766019313081,5.478399171494,1.64664666557228,0.614130068133906,0.132393346144982,0.579603346325954,0.17131061075206,13.0
sample_12050-CAACTTAATGTT-407,Baboon_107,13944,F,12.4052019164956,g_1.1,79,10.6,wet,2008,3,-38.7041385736857,24.2958763574429,-0.250025375894011,3.02084839767381,-0.365465261776122,0.518337720340419,-1.85442362977314,-3.46219768123585,-0.352796312431392,-0.482337279052071,1.02394298065508,0.0664748975855862,-0.122206733186853,41.0
sample_11408-GTAAGTAGATCA-395,Baboon_107,13958,F,12.4435318275154,g_1.1,77,23.9,wet,2008,3,-52.920944239238,21.6287243793145,2.67775411041375,4.45247498905183,1.09629323043323,-2.23771129513508,-2.04580609083536,-2.98437563215024,-0.28705276006133,-0.829465711573856,1.3619431289792,0.0879468919289234,-0.0248894842648137,14.0
sample_11409-TCGCCTATAAGG-395,Baboon_107,14127,F,12.9062286105407,g_1.1,86,0.0,dry,2008,9,36.2397478687643,2.62130315220959,4.06103540587797,10.2265577464323,-0.937135271347921,1.37139304271477,2.26129411620986,-0.846434102553041,-0.998787275959298,0.377980065919962,-0.389062322213094,0.390931076355262,-0.0284645233698283,169.0
sample_11406-TGCGGCGTCAGG-394,Baboon_107,14168,F,13.0184804928131,g_1.1,90,0.4,dry,2008,10,-1.09851113364312,-20.022845018771,15.6167778733033,3.92135511631936,4.37033080426742,-9.53959384560557,-3.20857699614642,-0.327044061636408,-3.1746211362374,-1.53614092672276,-2.44081314805069,0.56987748217177,0.44409641646,41.0
sample_12049-TCCGCTGCTGAC-407,Baboon_107,14173,F,13.0321697467488,g_1.1,89,4.6,dry,2008,10,2.55268618325924,-18.8779652100701,17.5352854382183,11.3342500985629,5.24824186644804,-5.65820134723333,-1.31730717263616,0.386057434414237,-2.4471542071383,-0.959869265923944,-2.36742563224675,0.588018776998059,0.396508818796305,5.0
sample_11410-GGTCTTAGCACC-396,Baboon_107,14197,F,13.09787816564,g_1.1,91,59.2,wet,2009,11,-9.4188476944212,-14.4046594619621,16.4480317751765,10.4119004546625,5.50355998872051,-4.55952075305714,-2.24842700926713,0.126547986899059,-2.00935975655588,-0.970556193968185,-1.98440096236911,0.549392582328652,0.361690915482556,24.0
sample_11407-TCCTGTGCGAGT-394,Baboon_107,14207,F,13.1252566735113,g_1.1,90,66.0,wet,2009,11,-31.815192979937,4.42215343257837,6.90382364510817,4.20160100515091,3.22993975028564,-3.09658104911065,-3.14548281463759,1.3422363972191,0.305704867529305,-0.5547280561206,-0.25300465960923,0.47074834490228,0.213591262314033,10.0
sample_12050-CAAAGGAGCCCG-407,Baboon_107,14380,F,13.5989048596851,g_1.1,89,31.1,wet,2009,5,-59.9101479501226,27.4809253702228,0.280383937685567,3.04377339980956,-0.582119772011796,-0.0999282365804038,-0.642709110551109,-4.00248395753369,-1.02587281826687,-2.19774020886645,-0.200199860976838,-0.0629950666006519,-0.112298522167196,173.0
sample_11407-CATACCGTGAGT-394,Baboon_107,14385,F,13.6125941136208,g_1.1,89,21.5,wet,2009,5,-56.4369667599039,23.1834901687385,2.61463122402255,5.4756034329539,-0.284318983100393,-0.0149165273203132,-1.1026716584211,-2.34560982749929,0.0700981836231745,-1.71703477665952,0.378458868907449,0.0702725639420045,-0.0561431426159071,5.0
sample_11413-CACGAAAGCAGG-397,Baboon_107,14414,F,13.6919917864476,g_1.1,87,2.8,dry,2009,6,-29.7795912837128,16.4293060962646,3.39254322613593,6.51469619492264,-0.0465751367768556,0.0038550042112972,-0.769911436172272,-0.756096065231116,0.789376774440833,-0.534006246054566,-0.377252441481356,0.257391963428173,0.0024811163227019,29.0
sample_11411-CGTCCGTATGAA-396,Baboon_107,14428,F,13.7303216974675,g_1.1,88,2.2,dry,2009,7,1.81087459762551,15.7395393810732,-1.20419290267106,2.1063669590244,-0.327976255194996,0.296900464239014,0.0490932403820526,1.08078760755207,1.90726167880496,-0.312305026390642,-1.20913473206383,0.436572257375844,0.0063106215396479,14.0
sample_11411-GGTAGCGACGCC-396,Baboon_107,14434,F,13.7467488021903,g_1.1,88,2.2,dry,2009,7,9.13002875966866,14.7335608593122,-1.67524754907819,1.61905325082394,-0.370595296468624,0.494518509598306,0.204323173607533,1.86788408558383,2.3656303896318,-0.253946754096721,-1.42927459844337,0.502625974610584,0.0195696476316254,6.0
sample_11406-CGTGTAGTAGAT-394,Baboon_107,14443,F,13.7713894592745,g_1.1,88,0.0,dry,2009,7,18.298964099703,12.9678020705406,-1.97406906559071,1.3171333257993,-0.426728784486698,1.19614707768883,0.294201754415071,2.05450634182843,2.3202884298065,-0.144613301204508,-1.85905349424385,0.540733971525876,0.0189907488386111,9.0
sample_12049-ATAGACACTCCG-407,Baboon_107,14465,F,13.8316221765914,g_1.1,89,0.0,dry,2009,8,25.7098134059304,9.86297392692631,1.18478703157197,4.8114828228674,-1.04573053052241,2.01543906805799,1.84274180096934,-0.370680395610187,0.0582813090081424,0.322303765500253,-1.60462344500931,0.391842995132098,-0.0380710724101969,22.0
sample_12053-GTGAGTCATACC-409,Baboon_107,14506,F,13.9438740588638,g_1.1,86,0.0,dry,2009,9,10.909030615587,-4.03062311208847,12.3578994185119,15.9014610278145,-0.850961536853148,1.54386731270842,1.58148423855823,-0.283108071218167,-1.51801200000493,-0.688881965056465,-0.289352465244808,0.380265554858643,0.0609596445599657,41.0
sample_12053-TTGAATCCTAAT-409,Baboon_107,14841,F,14.861054072553,g_1.1,94,0.0,dry,2010,8,29.6372470726186,-10.0072006797519,14.2238954247394,16.8138671214155,1.72838504277367,-0.854004100471367,1.49983888301907,-1.43090477825089,-3.07762878897251,0.274743418446115,1.48912674610167,0.413907251506161,0.0966896477426916,335.0
sample_11408-CTCACCTAGGAA-395,Baboon_107,14887,F,14.9869952087611,g_1.1,100,0.0,dry,2010,10,-1.74489862852018,-19.1549966990644,21.0154074951423,19.1588044106348,1.64703109107668,-1.26751839655393,1.47224469912626,-1.0098591148415,-2.60475443054567,-0.971663124846611,2.9479492983211,0.407926510073624,0.213470304071806,46.0
sample_11408-CGGTTGGCGGGT-395,Baboon_107,14889,F,14.9924709103354,g_1.1,100,0.0,dry,2010,10,0.31916397742248,-19.9773652900076,22.1156505311545,21.1866574140413,1.51605068728233,-0.895696699724665,1.68244402416604,-1.5194632232486,-3.18271477470578,-0.774513690222905,2.83777608477165,0.374618608549374,0.197660563737595,2.0
sample_11406-GGCTCAGATTCC-394,Baboon_107,15170,F,15.7618069815195,g_1.12,27,0.0,dry,2011,7,48.5899850401789,13.639216339173,-5.86598075120348,-4.27176161423787,-1.87724660622565,-0.880167446204622,1.44356139275114,-0.113343882299657,-0.0418836162708456,-0.0731332896936005,-1.56549293735482,0.448913806601566,-0.0632997221554461,281.0
sample_12049-ACACACCCTGAC-407,Baboon_107,15188,F,15.8110882956879,g_1.12,25,0.0,dry,2011,8,49.5744594963971,13.3961690826557,-6.65881298668939,-6.98756118802899,-0.902256828007562,-2.10646086232915,1.63815429812787,-1.41663871884112,-1.34664459812239,-0.342174878432192,-3.19017691384134,0.386944482964319,-0.0402227465375742,18.0
