,g_[Eubacterium]_coprostanoligenes_group,g_[Eubacterium]_hallii_group,g_[Eubacterium]_ruminantium_group,g_Acidaminococcus,g_Alloprevotella,g_Bifidobacterium,g_Butyricicoccus,g_CAG-873,g_Campylobacter,g_Candidatus_Methanogranum,g_Christensenellaceae_R-7_group,g_Collinsella,g_Coprococcus_2,g_Coriobacteriaceae_UCG-003,g_Dialister,g_Elusimicrobium,g_Enterorhabdus,g_Erysipelotrichaceae_UCG-004,g_Faecalibacterium,g_Family_XIII_AD3011_group,g_Family_XIII_UCG-001,g_GCA-900066575,g_Helicobacter,g_Lachnoclostridium,g_Lachnospira,g_Lachnospiraceae_FCS020_group,g_Lachnospiraceae_ND3007_group,g_Lachnospiraceae_NK3A20_group,g_Lactobacillus,g_Libanicoccus,g_Marvinbryantia,g_Megasphaera,g_Olsenella,g_Oribacterium,g_Peptococcus,g_Prevotella_2,g_Prevotella_7,g_Prevotella_9,g_Prevotellaceae_NK3B31_group,g_Prevotellaceae_UCG-003,g_Prevotellaceae_UCG-004,g_Rikenellaceae_RC9_gut_group,g_Ruminiclostridium_6,g_Ruminiclostridium_9,g_Ruminococcaceae_NK4A214_group,g_Ruminococcaceae_UCG-002,g_Ruminococcaceae_UCG-003,g_Ruminococcaceae_UCG-005,g_Ruminococcaceae_UCG-008,g_Ruminococcaceae_UCG-009,g_Ruminococcaceae_UCG-010,g_Ruminococcaceae_UCG-011,g_Ruminococcaceae_UCG-013,g_Ruminococcaceae_UCG-014,g_Ruminococcus_1,g_Senegalimassilia,g_Slackia,g_Solobacterium,g_Streptococcus,g_Succinivibrio,g_Treponema_2
Baboon_101,0.22300261792366055,0.0,0.31009139116927376,0.4976141179551508,0.0,0.7610603408289848,0.024137563350820908,0.929069004368477,0.38144202696665114,0.4921178854744579,0.6880209103721716,0.4856057843318861,0.47781060911209855,0.19552737560340705,0.15130265063589557,0.5278741600390691,0.46652940679020677,0.9776318801395892,0.0,0.5809660374405617,0.18988489819811022,0.6682782499565201,0.07242716778478563,0.07829973870267967,0.0,0.30800358331653277,0.0,0.5979824983744813,0.3086595828107563,0.4568721167699111,0.21903110122036676,0.3330386543709761,0.37796527431010224,0.042370238802691126,0.5206390224721383,0.3723284113772361,0.25682547364173874,0.31481358677719634,0.0,0.09127781791601838,0.8780234873456157,0.7602839479398572,1.0,0.2867987907317891,0.3591592157974645,0.371858718956707,0.48646177067929386,0.6800801387145137,0.0,1.0,0.43205962230926126,0.5415200481512398,0.0,0.4017408734911726,0.5888792310536729,0.6228115447371765,0.6041906852704474,0.14270592242141023,0.3719713762780416,0.0,0.9964896357831187
Baboon_107,0.4918977878193545,0.9545848977487378,1.0,0.7009617023899929,0.24545527732150224,0.4809367657637621,0.5903129631759708,0.9132155077205828,1.0,0.3960272858834605,0.7179916150663248,0.9606622151050573,0.9382474986556109,0.8858565745089018,0.2212072887918821,0.010298926745575783,0.5659575059323978,0.22264405008250185,0.9290381605256008,1.0,0.45578621038152545,0.05067553062465502,0.17600788933248046,0.5509746495067281,1.0,0.23324386653851653,0.8077592657526647,0.15174201216048902,0.838110153762232,0.4174374267683148,0.6595626643977596,0.3973680070026208,0.5759873617173713,0.997569472113125,0.5509208269564082,0.4076120611245917,0.3699008472169532,0.5312088658760575,0.2987019773668463,0.8339328274378114,0.9029736765317374,1.0,1.0,0.16188594283172095,0.615068821411169,0.9390797693857678,0.40674906225463187,0.789496952677802,0.89032848639328,1.0,0.37695849106464024,0.9707301901420982,0.4924500882968525,1.0,0.8100250129746419,0.5801159007341907,0.5021230053499376,0.8707471073419492,0.6005054466938082,1.0,0.5373358804189755
Baboon_109,0.10529288242293541,0.7417938112474189,0.4968162188013398,1.0,1.0,0.9983963187515501,0.49425530884187735,0.47871937314571267,0.5762418510679675,0.13001878782876194,0.6126062154713012,0.8326550563498419,0.48089154420126273,0.32080817244014403,0.3770030614006865,0.20018159654106218,0.3084766621391186,0.2105597671569457,0.07574129618376828,0.8090399611306499,0.850320598558866,0.4437402288080207,0.638130190528524,0.4196212484093732,0.6043845850527583,0.40537919527926425,0.21199551584253262,0.7931257956713287,0.5780258726681153,0.3926678559865668,0.7465702628739683,0.01372196675301265,0.4096707346437947,0.6349830136424071,0.5311251269502545,1.0,0.23279294044028434,0.39485989430009316,0.6856438911448768,0.39384315135456616,0.5642213100867516,0.13748317505769442,0.05582424102266474,0.7973329070694456,0.2559463321061322,0.10251472437095492,0.45465814000492394,0.322815412679738,0.0,0.3581845518694087,0.6443011533036729,0.4029321679682441,0.1562212925705866,0.2179105894374418,0.38450743968657025,0.5482665021986669,0.46972594135797485,0.38277205983357077,0.7775181064360049,0.9855568134840507,0.38072064130802674
Baboon_113,0.6324519557596073,0.45432463692991376,0.6738237097860565,0.2738463286470221,0.8345241417326923,0.6019801115354769,0.9215262046238268,0.22992639856869454,1.0,0.6883809769301259,0.7528389671908179,0.9864629118129014,0.3902029035910024,0.9325637257626118,0.29606511141514513,0.43444490759244214,0.695876446761342,0.36556297862952486,0.3937530693666264,0.5876232971100246,0.07962624243108493,0.598831209326874,0.7782973339102639,0.7142497099100235,0.7055257735386535,0.44265318171442725,0.29572719146782145,0.18058794309453827,0.9938171623193943,0.9707580711070088,0.3321282364145893,0.43045545901945514,0.6051729371166639,0.42752028999486796,0.40139982014856224,0.9753530162299442,0.16015782120252853,0.7684031397367299,0.7641195685342721,0.3950482138682797,0.499929720797837,0.8341932634940892,0.3507400818319463,0.1600497342999654,0.7026815094954827,0.788982858160018,0.5107654331201739,0.78744462440787,0.7214683190037564,0.5333899017580988,0.5479443181678676,0.7966046332631318,0.3973831932842552,0.6696329313919016,0.6208303183870706,0.8895144367856151,0.9000053128277885,0.5765036424089648,1.0,0.09854668630904327,0.47517090446579596
Baboon_136,0.24037010471616166,0.8304009371622652,0.5764523193645108,0.47803303377683914,0.7641332655958694,0.1930535449989159,0.6441572998907777,0.5256602108362795,1.0,0.19735760936112326,0.6226195552845013,0.30338401393492,0.2754504173431632,0.6613707346980929,0.3379327212292174,0.23503780349234163,0.39965608023819094,0.009718962071236901,0.7202864114963395,0.4386572419168824,0.5367086819820315,0.41406301415561764,0.7669946894173288,0.5437516341213171,0.5271979499840705,0.29228344251141325,0.8344127881839689,0.39361799877151604,0.8010924716176406,0.5154166585130178,0.10659168996133553,0.15613790064760658,0.17929964039786753,0.4309576236374393,0.2555792349743138,0.21176463602912876,0.5158119930526056,0.8322498775388194,0.486887715495019,0.7908367446984643,0.3159089497940986,0.40708905485173874,0.9834560936757737,0.3989480364224213,0.5801194671498054,0.9376436033425968,0.41630818265992126,0.774364862367046,0.16478914453899826,0.6040608341113729,0.5982188120770762,0.5256063880996997,0.6605054121061619,0.21624889679825401,0.5356073957116744,0.6089379166950574,0.347094811905825,0.4173968288017119,0.8870976869712104,1.0,0.9740866117132609
Baboon_153,0.9334181510302748,0.0,0.3371097287962795,0.25797671771481545,0.3431496318938139,0.917808844957347,0.35684585921319617,0.9272958327019046,0.3938847740871965,0.8503602251132542,1.0,0.9219609037139493,0.5105847659139221,0.9189141794122005,0.41109934411613,0.10161456544063623,0.22140125743628067,0.43892287510114725,0.7915888002552096,0.8114710677000203,0.4669927698288988,0.3792249040037481,0.5929480234149686,0.6909936124530657,0.539911801368702,0.6868180590725317,0.705606213053746,0.3269276229132667,0.44419047081109037,1.0,0.7612196042574438,0.3804256047039669,0.855935959600213,0.5256799573070496,0.9253763287677589,0.16536083589332565,0.064273657586989,0.4601593580544366,0.3166960198420152,0.9082694502098799,0.5052452230280381,0.7680211054392836,0.8938146215796844,0.31321913021681136,0.5312144338953827,0.8955458612337173,0.588597423854559,0.964282469557893,0.7880328932319342,0.8871482905052436,0.6773267563802698,0.9658339554935024,0.9042134302846714,1.0,0.5687412125743584,0.5267570701207903,0.8663961920230231,0.5773247320300703,0.9528474864801999,0.9061495738975798,0.9396967801305998
Baboon_157,0.9050475847814333,0.0,1.0,0.04632490651634363,0.5417555227516103,1.0,0.31593438834329907,0.9903264330333812,1.0,1.0,1.0,0.5545594167565573,0.4597243617249602,0.4943782252275596,0.7121303815875518,1.0,0.6722981841394158,1.0,1.0,0.9923735345904485,0.789511550502558,0.18741966800024634,0.5144994134011434,0.6105015260697634,1.0,0.09424486712918227,0.9248888690896396,0.7865049179426102,0.12358312727096409,0.7222573283716544,0.3316780541357965,0.10699268033318872,0.8934732190379718,0.8422797040533241,0.9026758022154302,0.48939745633442,0.36490918192699745,0.3090864478508623,0.5546677113191685,1.0,1.0,0.9125993514313048,1.0,0.039974297812072276,1.0,1.0,0.4676809502914076,0.9547391978552726,0.37933580211952356,1.0,0.9522186037631233,1.0,0.7335218398219489,1.0,0.7982690292115546,0.40382854502778365,0.3420486736783775,0.11619068530576583,0.10234836536820119,0.9376779610239404,1.0
Baboon_180,0.7624888902029995,0.4375280805427784,0.6391441739484628,0.47742706480256103,0.332664171044576,0.6847623153850871,0.46902609309557675,0.32207435303131854,0.9501815626853497,0.0003990096194245866,0.4752601853864575,0.6217652048516755,0.21994375455195142,0.04167221606268808,0.9452941330658189,1.0,0.4840896750593469,0.8719338473664228,0.743030048765928,0.7169582517464493,0.867410194038075,0.13376428550118827,0.7071526534724031,0.6717570079156107,0.4357850742989004,0.5548352287808928,0.5722840593931593,0.255910932879302,0.5597050993382857,0.6784245886914247,0.18220725711049165,0.18666065074452523,0.4837355144807733,0.9999805399334939,0.39663810472158273,0.3874340497578649,0.5036122454496138,0.7767443594085078,0.5888934400025002,0.2392736771750329,1.0,0.555496555298023,1.0,0.08187648834641048,0.287295603515319,0.7992882090189555,0.48253184354101974,0.32185666223924314,1.0,1.0,0.43643985986098544,0.46080031817792994,0.9670322363620811,0.3443512432209545,0.10830078098322696,0.4290456660337406,0.5361030843955623,0.38666510592745545,0.8145798092680111,1.0,0.9632209996521598
Baboon_199,0.3008240107340408,0.0,0.004410617388885463,0.31971864447642334,0.5542888932480687,0.12234267038238283,0.1662818937307053,0.5828155779698729,0.8051744660524712,0.23009251380498033,0.49725589364931344,0.7615011850967278,0.054609885509897774,0.6598587119093543,0.35538010343277443,0.5116480486220693,0.29039861965089453,0.8313782670645982,0.05316111379258005,0.8909738207570518,0.2062679137024706,0.43551478224462464,0.914871025077283,0.5917514268897826,0.18578516134832201,0.3587537835465435,0.41595600125058824,0.8189993581654799,0.5681248017075904,0.7709456221390263,0.36993854852633823,0.512246588493316,0.4501243729748726,0.11008286724459818,0.5036675807112666,0.6163840307213448,0.0,0.17645079787003257,0.15414709870086155,0.28501679119287604,0.8694873071737288,0.7440953810207169,0.10743138479198348,0.10143322360030955,0.8244004848173047,0.03980918623915169,0.5426774816806913,0.39920132612549347,0.32403421704999646,0.42574417294880884,0.6692953423761674,0.676036856331472,0.4194075165660808,0.08542516027353908,0.24056696593967017,0.4821739085167548,0.5370323603909619,0.36285002994916854,0.32986318850536817,0.9872206976941797,0.13529042909451572
Baboon_200,0.41864659235172763,0.09640534446050686,0.9383845179483256,0.6176340165864987,0.9572982657318639,0.5911603342714624,0.3081308643184556,0.3803564641163052,0.4573854100973415,0.5501223407154971,0.9226320030279971,0.9787139098903331,0.6966559354847834,0.6027838871130127,0.573719600317461,0.783898794693481,0.32334076917365606,0.1590565871964637,0.6682165132596185,0.7452555117965638,0.22090060140763365,0.732778359561238,0.5499809636998767,0.3591628526677768,0.33332479773964657,0.44876934928929846,0.35002790937928857,0.2132381858470595,0.9326028472884266,0.7907510398799046,0.3742341143555747,0.8674953912761942,0.4717924555983802,0.4852996547109005,0.5219360825705246,0.44226775077234276,0.18860720462578676,0.581030501145392,0.4334609037722395,0.7349736958013441,0.6860385450504066,0.7011569458007342,0.24905086980109117,0.6728472504863611,0.5453684872255071,0.5783676321840743,0.44928656385451626,0.44351779053195295,0.19051997601984022,0.399409783915164,0.960714724234787,0.5475294516431348,0.6202126651402085,0.7401474138208026,0.6033136914681906,0.8027221807324707,0.5742980900799793,0.5742539320028094,0.6485656920221355,0.5258336169109081,0.5482287325711286
Baboon_201,0.3531688829461707,0.0,0.07256887234045784,0.09655374181128062,0.6108896575431964,0.9581688755510687,0.28548257607632427,0.06247236257785572,1.0,0.5307870176752588,0.9381876930635865,0.4396358689728902,0.46052392489429517,0.3071754163792578,0.6387294481729135,0.24375539596905432,0.42978897308786235,0.0,0.6338339572456618,0.5745777909810054,0.7755022193104323,0.34045389656019515,0.42271597376372877,0.6761555922399572,0.533396602424312,0.4429025636700697,0.44729449229768636,0.4630302616151561,0.32282927008593154,0.5824167974987405,0.3526422584907193,0.25345249120180613,0.579171128339926,0.24387524066889069,0.6350597496711843,0.5913889642629824,0.08864811179877392,0.5601955731178886,0.6724596918743209,0.22808625025111962,0.5372153882610754,0.6048143567283266,0.4629612225582241,0.45305607649208496,0.3866174540372571,0.20891481659360525,0.4421317745329296,0.7650691755998141,0.40563837030718003,0.9828177418122137,0.4514061347576807,0.666599871524145,0.4135434720004036,0.46454513905848954,0.47222650998072335,0.7254484212954895,0.5116866590111488,0.24098264514835102,0.0,0.9447286136962574,0.3432084872457922
Baboon_206,0.48341625993671833,0.023590260911275886,0.6462516326212427,0.39651795176690996,0.4341365717901726,0.2879745935997786,0.5803141220410425,0.3597280048459155,0.7969151630366734,0.6151483769944084,0.6500742787488268,0.5488578931455699,0.13827856091284732,0.7687778245275604,0.5523283603587748,0.5522343784325997,0.6400257213784368,0.0,0.7477021198701066,0.7926153884836649,0.5515694821962175,0.5018521843768202,0.3087555562238999,0.9873688877867796,0.2863999461644912,0.5231919788990614,0.540289984227873,0.058199988592417255,0.4286723461157508,0.4851916074107006,0.7322476580759671,0.2719434602709583,0.653462984064428,0.2849690058093368,0.7006204059284533,0.26913159190223407,0.33971222752879277,0.46035260720338916,0.2910594057406712,0.30849038825654806,0.39413528207051596,0.4703132383532017,1.0,0.4828968804721935,0.42901613969568386,0.9380633229637363,0.5386028232628342,0.2752518493431989,0.13988622458617597,0.5930913364338105,0.5804177698630221,0.4772113198414184,0.9087118533898478,0.10645584957761754,0.5376307088672215,0.5410638330691627,0.40902941635711715,0.1706488111164829,0.4850438626015982,0.2299853349897161,1.0
Baboon_209,0.3262559910794525,0.18849002137468293,0.3351789433047724,0.3568688607003481,0.3730043638286626,0.168490048448215,0.5477120185049996,0.16011956314442155,0.8153542610449775,0.5355038691814967,0.10127785832011912,0.7170072663407927,0.1866545839729087,0.607698812260801,0.7441537731441764,0.33433370147479485,0.72269505962039,0.2035972385550799,0.47227433041538924,0.29899059770945335,0.38628456184960686,0.331638094620283,0.6473618368202871,0.04275918638497654,0.34628294582499286,0.4860498247359247,0.5353023150936671,0.34276352055457765,0.4873863894217411,0.877156799396505,0.206700430583629,0.6857850829357126,0.6508241155389788,0.30889378924096506,0.5092572670352191,1.0,0.5721020975991503,0.43566312492285686,0.7333456851072941,0.25525331833083353,0.47678164749125757,0.5970683338389567,0.30935267611265505,0.5499998462447211,0.2147263782113866,0.687193574527347,0.381584647144722,0.46679091233807385,0.47310122910052815,0.21160847836817598,0.27536901347543735,0.19712750486458835,0.06992783905962031,0.040930096487158285,0.3837334155443878,0.601779897275167,0.7049544709443751,0.8589570798769379,0.6479361622470343,0.907328454522521,0.0
Baboon_238,0.47107592844825663,0.34243890518134046,0.6120268013220995,0.3024735751387069,0.34718662727604643,0.8897124735174345,0.5769868715796522,1.0,1.0,0.31148940523975943,0.33630994546223614,0.9016541611388721,0.0783660214494687,0.04273281585579073,0.07205632185350906,0.0,0.4268064022540776,0.0,0.0,0.9010338176529139,0.9555848697528522,0.35013776372841543,0.0,0.036770922095810135,0.7814934222530457,0.11922922781290059,0.2344467209883726,0.45666589649768746,0.9765325551010392,0.9206672218301247,1.0,0.22376630023296198,0.23383280060563125,0.05400057063744917,0.25306287364073826,0.37665854567732,0.22385398700172027,0.3672988426071893,0.18061207593228387,1.0,0.06293571119898932,0.9449686684547507,0.9592212801620683,0.6350956392210563,0.4297310791833463,0.8228208763483614,0.5141693299452873,0.14443874215532718,0.1819218157591949,0.49336089926016996,0.5252072843233847,0.8922382300391077,0.8438413320210228,0.2553694448020546,0.7601691633869905,0.6632268082491197,0.9497433267322365,0.981892277842723,1.0,0.7924093898504645,1.0
Baboon_245,0.6282601855937776,0.6846693484223109,0.19642613710940646,0.35722592362173267,0.5068698134322014,0.593837978209043,0.5896400881991076,0.26740569024334654,0.20995719497522558,0.5100536421420327,0.822080773127237,0.9178982432319793,0.2242778799264944,0.6217010148826929,0.7060499086124058,0.5593485476486982,0.6273904558443152,0.11133262223927069,0.4662155395756156,0.6714189243528562,0.4922644859519994,0.5898750939395073,0.7788662796514784,0.4306511344929308,0.5205733031224116,0.4925801880755058,0.5338803953482029,0.4274110183048693,0.6442242399775087,0.49380932669080246,0.5231912994173394,0.2176753664898847,0.4954371038307838,0.3388762371637928,0.5382581745633443,0.7379394552129397,0.2555121887489355,0.43662918989802146,0.432506042382378,0.15602489099751599,0.42302009501255633,1.0,0.6095629915949589,0.16313459907115863,0.46757760003180215,0.5498487631876089,0.44534981275499236,0.5605320066364545,0.7962551530960205,0.5108438747792882,0.6699434578943635,0.7414559837189735,0.7714175811907878,0.538123161444937,0.5390561382945781,0.42501281953040854,0.6345442226060736,0.7481428389243503,0.2906989390988579,0.6176181933776336,0.6291841073351
Baboon_249,0.39670591590992155,0.5304800018894691,0.9552046754086722,0.7249707741074619,0.6221368661428097,0.33550927082653964,0.4874072222624504,0.17955653263108484,0.5226749391367874,0.5512184378211709,1.0,0.6045194756801547,0.29435951397440685,0.5461131500145101,0.33881348693103397,0.4500827873852152,0.6221704348337943,0.8304670671015305,0.8746275452595913,0.4798161265561376,0.5800224789596186,0.4463112609470211,0.504698952028688,0.7085237144947792,0.49036861215334676,0.5172237153426275,0.14864922772213163,0.5600011374724491,0.11784167718452139,0.3854209156091465,0.7537969031405182,0.347371569455353,0.6003759497680523,0.6609776129967886,0.5584816464382582,0.5140614067957655,0.26027897091739116,0.6298218957111932,0.36018837343903676,0.1307450737507411,0.728363030140102,0.7813522409271323,0.052700180887550144,0.4847343237991721,0.37040080123113833,0.12815678837603836,0.5406205346353855,0.3985093884317442,0.0,0.5920000038648419,0.5548558044026105,0.5964562551280003,0.49443566418663265,0.17914115110335066,0.6076650299856408,0.4175523430013782,0.4942063530844695,0.6546218200347215,0.4833294267999414,0.2025953258877117,0.22532005856158716
Baboon_253,0.7926336603062041,0.5318484830954604,0.4043228750411223,0.45660454874630524,0.3157652475889765,0.0,0.4546230364010699,0.0652884556125455,1.0,0.19335161310878005,1.0,0.34676212765822817,0.1160503233188943,0.7801858634006149,0.0,0.9348609331817979,0.1505450933750198,0.6528712618526561,0.04363967913625124,0.7259222729992275,0.6918528216402776,0.5224774208347934,0.0,0.6644506296283782,0.6647218332590304,0.5310944006946147,0.06853038422164316,0.6672358599087614,0.9793935428603111,0.5573233786932484,0.34313283618561685,0.0,0.1780634111008887,0.4568376350881404,0.2582802443000472,0.0,0.15247249623944384,0.24787723689081664,0.5094333440844538,0.437403290690409,0.49366770107305297,0.5184776434577122,0.0,0.8089493540839611,0.5095834817279444,0.2195293083334016,0.41041919353379525,0.18632570672201923,0.011744996457248327,0.4844850836746749,0.5029822027074222,0.4330346200103228,0.6633734220392786,0.5417252658600338,0.5546162757035501,0.5237548414819478,0.0,0.03033739165289882,0.01892864248305178,0.36198265485689823,0.6032045311911503
Baboon_258,1.0,0.6094759774842858,0.498262222173515,0.7347489911316414,0.0400687893844895,0.35805753757705516,0.44678816949691286,0.8471672080673567,0.7757315715791737,0.4220483809752454,0.7871647720352893,0.2527622724138648,0.2873931042322319,0.07587041748258395,0.07797923620340562,0.9563589998823976,0.4641914903159434,0.6484810189376805,0.1344277023709425,0.1951663297633963,0.4701575213528338,0.4243757453051565,0.027993463948483795,0.7796084000421999,0.0,0.5432930080678601,0.3346202862798072,0.9668223891303096,0.7801006780744902,0.4141606479388394,0.040556743114107126,0.829994735644249,0.8641560308526802,0.6037617151929106,0.0,0.0,0.8381980867240505,0.12453121903851148,0.2737028541708897,0.5554499422179099,1.0,0.5558672072714846,0.339684539575357,0.6596509073365389,0.15905132349015413,0.7125518404497722,0.3959440867237483,0.45320583754442395,0.5905052277589461,0.25717959942185764,0.5707958039496777,0.5958432537345352,0.27268156010997463,0.3196865807179721,0.0,0.36080687971999287,0.4224594345345064,0.14758455588149252,0.035178040755561704,0.42094457611616204,1.0
Baboon_259,0.5472760936218914,0.6319841897314054,0.0,0.5985826557867049,0.13272970575207813,0.1466643681510859,0.6198179356769181,0.2598373506374593,0.7778598084072547,0.0903594484449972,0.7764912302317396,0.5872983308100443,0.0,0.5040832077512164,0.5993220141823211,0.6409220965501532,0.5193063369591032,0.0,0.0,0.9376043134514243,0.8911502876937204,0.41610941945351076,0.11386396250278608,0.23290092756452435,0.453992154538572,0.5800530077871119,0.046912480238328995,0.7439614881655663,0.8813101407948406,0.5026586397959932,0.4313396161432472,0.4752535709907028,0.5314271622908359,0.864327198342229,0.34730005322417945,0.11007857052602023,0.7923097439563762,0.0,0.28961830707627984,0.3151030923737203,0.49321963229651816,0.43807757223558574,0.0,0.3060347343659495,0.3403151422131308,0.6273864283862806,0.3002836764550623,0.5208521944412584,0.5197909969451052,0.8006263373621657,0.39292309092401123,0.6436286910988543,0.14219828226960957,0.21919662879185403,0.6483748263467204,1.0,0.3858478390902955,0.33865036621306066,0.9660150934407165,0.17458441963883684,0.997396849684842
Baboon_279,0.18351619151402504,0.09763479453552897,0.7508600281985239,0.34154336611686686,0.2893726965850712,0.05966547014303387,0.43559918417306953,0.3078509462822853,0.08813421831249996,0.23018164185572448,0.4634893059932356,0.4911783449256477,0.545674614549757,0.3147499579909038,0.64042444034069,0.9882063256003927,0.3648914474723823,0.7384387328708725,0.19367402308319553,0.1614138451437684,0.13628494381174264,0.4705976481617593,0.18502386063983967,0.4716651894650235,0.43257962808112554,0.38705207784793355,0.20231702924758277,0.4121163096711886,0.9751052234795812,0.3845323897539577,0.3737005982402279,0.2622101940593615,0.33286473783552956,0.5023242975978044,0.2989338118995824,0.09164256961301392,0.4418090154857478,0.39448276396023024,0.1410030724631114,0.9188019439936707,0.12800780703736464,0.1282429907768345,1.0,0.20739923234983276,0.5660742921272822,0.31210126258053894,0.4605242837718756,0.5182220921430979,0.0,0.5305808958578146,0.5632162215458559,0.6409302463957136,0.842406837769057,0.6648215149815094,0.8441672508456628,0.3250801099205552,0.4468531087495911,0.19419829098610528,0.6424652865435674,0.5591411329404433,1.0
Baboon_280,0.6673861058535903,0.4219181475153025,0.3278674086800633,0.4405176650609261,0.36635011346696816,0.17191565720942567,0.5423636439071526,0.09095976815567584,0.572110482569075,0.003256898159357709,0.7472194728592331,0.46152228313958626,0.3086737529326606,0.5562654492462173,0.2231227703445205,1.0,0.5862086729967148,0.8030304004189196,0.26560814527356674,0.8307771640135617,1.0,0.5508504693615,0.5574706571007776,0.4319957056171146,0.6525978896356632,0.5053057486698875,0.3409544427699925,0.7020382511576448,0.28358973945854027,0.5269398749352091,0.5579251194901184,0.38313814038009786,0.4173866592048724,0.6294528189474422,0.590193964220592,0.1648312012939872,0.5738750472217724,0.057013508542601524,0.23315237179774623,0.6186611106520106,0.0,0.5622296666277976,0.6794507780058071,0.44741039968388974,0.6419881401719374,0.6226072293443224,0.5338924301268031,0.7321319930436847,0.0,0.4734190566997149,0.5495530452099888,0.5523257952214546,0.6720383504801264,0.0,0.633758950613696,0.5987401582752521,0.5639856010036188,0.7284288413767747,0.10459117583786003,0.6174238835121537,1.0
Baboon_285,0.7956305490122042,0.35138257089351305,0.7074909172128669,0.6135877675444764,0.4593186625480228,0.8487860683151487,0.6153969453602581,0.7229205697655693,0.8946242193178018,0.5343131058834573,0.9604804242240623,0.3636271142793168,0.31835638258962595,0.2680660843190802,0.8998105916570502,0.14200624784954463,0.8892608590297458,0.0,0.3552710508360635,0.954730622766599,0.6977689629948862,0.2681767156976567,0.9870715993083957,0.40484684417594957,0.3306992620031145,0.6065257918444367,0.5623988241455261,0.9077881453768597,0.6301505536239633,0.5228825791971147,0.39669954753545295,0.7525573709165435,0.7246041458943873,0.46193469523953445,0.7118041646658707,0.904710523903753,0.9723828480373583,0.8380151622778518,0.7705299377690324,0.797070579573371,0.6734028902466159,0.7567624823536763,0.41430906546007734,0.8401966843199812,0.528956992312646,0.5015438540526946,0.306219392042514,0.5247681810342746,0.12158764148807573,1.0,0.4798392616869591,0.8997903343972097,0.48646691681377685,0.23303723079240926,0.6144656623740984,0.7263388613181399,0.5643702138437223,0.7773076554016047,0.6347156158455021,0.8526260115181153,0.6402830077021512
Baboon_289,0.8830318992630933,0.8627216087608276,0.5995540387862454,0.893675205963286,0.039952280128266765,0.7610130915566611,0.621002003418425,0.2946262749680521,0.18592466621937034,0.5384062946427752,0.6222691434035192,0.6065924437350905,0.5863005267785456,0.9478779267965537,0.651959962018947,0.4535240255544816,0.6922851956035355,0.7993533464848939,0.5640530873607301,0.5564687245684319,0.34821702203244975,0.4970871440383863,0.7300152618493478,0.2609819451958511,1.0,0.4765142127570816,0.4354556592464225,1.0,0.22467516632543458,0.9197314874922536,0.41848973940732986,0.6062530507381029,0.6149548359006284,0.5829264094867685,0.2827684691085879,0.0,0.02637768455320289,0.0,0.40176842816250774,0.21668595352322026,0.7871661292667916,0.999120135906472,1.0,0.0,0.8718390684183821,1.0,0.565242913617459,0.44433518757511636,0.1008714463253104,1.0,0.9347378132671843,0.9988547429941536,0.9113273429470008,0.0015531433432827287,0.8640986773807414,0.2143174109752735,0.4368475440091572,0.18529315184626857,0.6072333449714865,1.0,0.9344198146929007
Baboon_296,0.8062837101913427,0.0,0.6128130637930538,0.2678491417360077,0.3195520313353698,0.38609930046568125,0.21167899499147072,0.309119965601607,0.9259653988126959,0.36889669284342913,0.6023349502780023,0.9324405101192639,0.33955873415178184,0.4973375392788465,0.3244356944701086,0.23172157681279454,0.42527025997042966,0.7045455195049984,0.02958282962255881,0.8786791492869603,0.6760724154104003,0.2957694690112991,0.6700620263501168,0.2445841192191331,0.40279538868678305,0.2474196404937945,0.05262440959219138,0.3954741953572782,1.0,0.7074435611327898,0.4667454236649042,0.20867671880975908,0.3792721051472173,0.5255461522931646,0.42517001185245984,0.0,0.34385445954956717,0.0,0.26867743482366524,0.27923023502279126,0.6001421039366397,0.8844679336045944,0.4654455155698357,0.24596094985288544,0.7392952239401699,0.07954491462105581,0.4242804858503317,0.568582263635813,0.0,0.4912962478227433,0.4006294773754263,0.546222840146926,0.6538672836216967,0.38095898836657033,0.27183223521440086,0.7814418106981256,0.2882580211081551,0.7286181527531805,0.9693502422324423,0.4023860856898274,1.0
Baboon_298,0.188615989328305,0.06727867344133683,0.3723118450347808,0.1851861751026669,0.426702835945174,0.20975477020184236,0.10316640233891287,0.0,0.9879514125927755,0.1184685313803502,0.38045525547843206,0.03900330589435138,0.6315616712313196,0.36925024065869416,0.32348830107943777,0.019653095355202883,0.1608315856217971,0.027624617510016748,0.02957002909669243,0.5099274278960286,0.25922569073945045,0.5384325595228339,0.27069392386238766,0.8876921542674008,0.14368593178227476,0.6274257475537748,0.05397211938856201,0.4371942132921965,0.972276184254844,0.5447140317503221,0.17191228454786808,0.4497549732174176,0.3978367200230433,0.5058212008658214,0.32622052384822614,0.17561460083799235,0.7501715972201127,0.15414648909199116,0.2165700329566892,0.87784002963233,0.27430173406244734,0.1942023417514052,0.0897920112404432,0.6653501830132379,0.3851192677914985,0.1502516785950496,0.46676098042537945,0.09877791280613855,0.08572790777082796,0.2974044277241126,0.41859223784684746,0.46520176523406015,0.1413387944189343,0.6473861790494274,0.19968592005665892,0.6855198217063116,0.6400908644788895,0.12278782499845213,0.05143824979174606,0.2754567172636239,0.0
Baboon_309,0.7248638096476185,0.6394459294647953,0.6887212599643082,0.181249233220834,0.6908159054672118,0.394901548060577,0.624674229083134,0.09248485650315748,0.44026638468967366,0.4830440357116997,0.3240205740095651,0.8006220986904494,0.9899808515532619,0.7475863166062753,0.2739775655393203,0.6605754282593528,0.633414761826781,0.551303569832,0.061885201578712995,0.8327122471101324,0.9942272714219205,0.3667364703491367,0.4320323995533694,0.5425135337091469,0.4969854896495836,0.48763964545653454,0.5000399040325832,0.7041780047414349,0.016075050593746455,0.7824622010582525,0.1130011449852027,0.2217960412305048,0.3249949216294872,0.4691970704036192,0.29010059739065247,0.8300976363727474,0.0,0.5396292458621039,0.14379965075599047,0.19239556519202064,0.6415259868676568,0.7100418466792215,0.35542000887115505,0.5560308016264519,0.5051159195356121,0.6899345773285157,0.5644976413405626,0.3355460187031671,0.6628993055114746,0.3210700157600472,0.8372145886179806,0.5754458592469912,0.4793427167032086,0.715768833093317,0.5456648519693355,1.0,0.9978073333316837,0.549348636555472,0.9288276232307061,0.06146704350236572,0.0655501809668115
Baboon_313,0.6089752638883493,0.5959700566116906,0.24170693854124273,0.5700456522029599,0.8799201118115634,0.8147980463731231,0.6872025600356847,0.514537749033541,0.2477366077512018,0.711498932420659,0.6670027764843659,0.9316851321629831,0.4747564496803145,0.547326689114817,0.7084748555890892,0.5223333215806897,0.66519350080024,0.2273516486332458,0.3154042892889329,0.564618990287994,0.17880944433771864,0.5242352161695106,0.4820500976871721,0.7419059480150699,0.9076948880426033,0.6039878637299496,0.6351551383145606,0.4073855579662444,0.958285230046172,0.7669412836384686,0.6146119106096126,0.6161694206103354,0.4924541352723335,0.4767374623070452,0.5365738904500925,0.38152429267058163,0.31025794752938013,0.840276125936007,0.47286488499436274,0.8343155410432601,0.7681203893133968,0.7633322559062982,0.2687090104178525,0.4669599940912621,0.5342390163419674,0.6261806115961017,0.351459280444378,0.4825963095914607,0.029694606374173763,0.5561533101354973,0.6609225222614943,0.7334750668178895,0.8884913861736571,0.45877381997146527,0.665759008615378,0.8171608096747579,0.6670401597292731,0.7343687512680043,0.5567521410970827,0.01625553708961064,0.8986566540368973
Baboon_324,0.44435188599602077,0.6615896371600096,0.6420000828404433,0.3741926120533398,0.19518563567353933,0.25788388867365086,0.4603539134124788,0.46045068702676994,0.6197450486636445,0.7014500199275786,0.9861051904940744,0.9298076339955167,1.0,0.6544708093339277,0.635351941668782,0.2600084808268965,0.5019028704447469,0.045638844401171906,0.055578743528652705,0.7116432934852519,0.38540628290127366,0.5659390617136054,0.7165067105818457,0.7470824485425726,0.39668733913827275,0.5626290771108241,0.5504342348269352,0.6595657547305677,0.7262962130310732,0.5887754507457126,0.7826222628663145,0.44324408960448985,0.6909893833962024,0.5184625591288003,0.5481474687755432,0.19064947168941648,0.4215692092466627,0.1924747481311871,0.29246806202090625,0.21186327427378582,0.41671215977598425,0.6015888216797988,0.3596300067308252,0.4391963952815337,0.41816316100119255,0.8468609438690119,0.37718794906924374,0.8187769159327734,0.5245776813821676,0.47189083788927855,0.3080937749772664,0.47698073544670283,0.5663552903948788,0.7591175579201878,0.8195491476280042,0.6504349316833667,0.5577423345398469,0.42222583913612155,0.5023554570958195,0.8924727643308544,0.9820589991410736
Baboon_333,0.48427222644630047,0.7098705320152151,0.3546813133465953,0.15773997270200024,0.5176734488832967,0.5340012361178899,0.4597286512646531,0.19886629320979926,0.7406212568068119,0.4891397444809286,0.562564437406933,0.7468487867644349,0.544908824203182,0.3243484402405691,0.7216623502529874,0.3465970783300589,0.8179714958678932,0.14139015472231697,0.5181872813096091,0.6013322328496268,0.26792840353352027,0.42234698084913874,0.8916231022949287,0.37662075964831443,0.5845904064618135,0.5400796721746389,0.4411800908172303,0.19159669347285013,0.3071319254969271,0.628693849780071,0.5249724135952174,0.16307899527656847,0.2442737417672746,0.2237931328739056,0.4852143539784393,0.8508842393373235,0.5796790775947656,0.2919355152389042,0.6245571204094627,0.22824716703062656,0.6255050004581973,0.5828579115734654,0.5988813975425565,0.3911389030807226,0.3787049694388806,0.7594363283216762,0.5345078980127483,0.47984021423942125,0.8246669714649751,0.3024651996944385,0.6160841439532779,0.8068233761526011,0.7081316557233129,0.461009644063406,0.6846890418809995,0.8501048557224474,0.7460577424903863,0.426733086080355,0.5957571876757707,0.14616247226082302,1.0
Baboon_342,0.635589544502363,0.5409546551217459,0.9836884485240724,0.9506198869367088,0.9930931041389733,0.45806325515902396,0.40918306208874233,0.39170804696337236,0.7812057742922635,0.9251478172727758,1.0,0.9881984627224643,0.8345361194360253,0.8214399934112516,0.46226620405995444,0.48643257702361903,0.5423550069772444,0.14477946814619452,0.015129537359657264,1.0,0.7057977722687189,0.6011885721195962,0.7521805655689769,0.31784370684980473,0.5310970255627211,0.8188774815025919,0.498554447481303,0.7714717517563634,0.944727174946753,0.664439913767156,0.6155443352941056,0.8933195804509457,0.4519566628070389,0.8287263493390777,0.6244954835234335,0.9599565568213569,0.2966015982843416,0.9375011626199451,0.5845381351844658,0.5979919654349812,0.49924605476095807,1.0,0.5078675024102618,0.4566507071281079,0.6536090875959167,0.2549751845790871,0.49533448872652525,0.7093638133080653,0.2278753322249307,0.3613743369994001,0.5359108194310083,0.5461634408485331,0.4133665924116996,0.8510250009315738,0.6904436081699985,0.9984960849525168,0.6209363947344464,0.4760393504680531,0.8889472806928866,0.0,0.37807822912397293
Baboon_343,0.9774358748415888,0.11476483548090571,1.0,1.0,0.40148495567563436,0.7731345754946608,0.8678041100050831,0.9979271938995049,0.8109418837148681,1.0,0.9972032846266866,0.4621806965797932,1.0,0.26009778559653707,0.18132656839976236,1.0,0.36324500244495134,0.9972415339977947,0.14956300456411747,1.0,0.0,0.5945566917871525,0.1464618819270245,0.5082572827403739,0.31608163015965557,0.8490879205159375,0.0,0.9827056895830242,0.3638030514018143,0.2031655508308021,0.9914935791901734,0.43662018815917514,0.8957181572292414,0.19676520198405795,0.7330311530723495,0.3840949439935987,0.9658732037939477,0.5124752225096988,0.5844041149780207,0.996468859280444,0.9998562125486983,1.0,1.0,1.0,1.0,1.0,0.09100771305298108,0.910474453106683,0.0,1.0,1.0,1.0,1.0,0.9770512517177274,0.8921941383785771,0.0,0.1953419183743095,0.039635907204474796,0.062626143984107,0.8574178518327414,0.9979330750730974
Baboon_349,0.8480801516451049,0.708067410333289,0.8552277140562489,0.9976548085605976,0.5162380038343022,0.6368009147852932,0.23591476615646417,0.06421144264190999,0.9972502461388435,0.44819583196406937,0.5393840197629609,0.5136912652216334,1.0,0.4097321983399953,0.6425707378901573,0.08264778013540051,0.5795815036165572,0.802055916098963,1.0,1.0,0.9821913011399395,0.5292955547616971,0.19898257345751594,0.995111375091322,1.0,0.7378475967649261,0.8625463954561647,0.13957609116599137,0.5621016573267335,0.21302320332248065,0.7075332871515362,0.5802943862741766,0.5505857813550284,0.8278939116922965,0.9857302084113032,0.24933001425949225,0.1679315888739365,0.32770229173352944,0.679823365898609,0.9060358784337207,0.92545414483575,0.965156552305476,0.9708733082254138,0.4145745697201044,0.4242536432352193,1.0,0.41544140558103776,0.9386360509206118,0.0,1.0,0.8124266591426654,1.0,1.0,0.29445556449284643,1.0,0.4805692656251806,0.3420239334571547,0.8775665349736933,0.5784388663868282,0.8436497038485528,0.2794241822109161
Baboon_354,0.6305371515769177,0.9742858319924135,0.22019291016006265,0.10245367958908666,0.6135362740958356,0.7639435728530002,0.4204561978201551,0.3618775570547156,1.0,0.5204064249853784,0.5206644145754913,0.777913180387159,0.6706883328064803,0.7236644097914131,0.2270784887654178,0.5358854025609933,0.3470608918814475,0.4114907153622632,0.9805212104660312,0.5540002813538453,0.7733065192782258,0.6831379508363784,0.7264448309257029,0.5539611434959816,0.35553452024801396,0.3393686011923538,0.655311167841193,0.1870642270093259,0.3728526003081031,0.6218561159657057,0.42410620342666466,0.6271459652204345,0.33688827366526536,0.346961362350071,0.6962317800770849,0.2470443650081225,0.12048776684876147,0.2234182224987577,0.21617140263747942,0.11547042379937558,0.5138294346996034,0.4628029914910818,0.8669988497143356,0.7417148123821763,0.5563954974371742,0.15078366262732215,0.48437584676523393,0.34700988383806225,1.0,0.5391881027437688,0.7071048261612526,0.5818615723272358,0.6340262791291544,0.5365341236007611,0.39667748502590905,0.8395204314382794,0.818482311871727,0.8084141057197622,0.4663516223922414,1.0,0.3150579033075236
Baboon_368,0.6558863449066648,0.30110970579779645,0.4420144998821911,1.0,0.9058352901995105,0.9807580363414167,0.40654159115565464,0.10783047730479607,0.6328292870472693,0.47167702990128424,0.6618611111017425,0.46627780661986806,0.33518661778564657,0.5312557938622608,0.20496955828011557,0.5181691882612249,0.4867771073681201,0.31923058081357153,0.6782857329203865,0.506970918902887,0.33276148997325566,0.4963215750311553,0.49069394309299913,0.5139729794080001,0.5198898446653838,0.5052700056896906,0.5260623141880829,0.36403425314272,0.5042288047882341,0.5226603657049251,0.4678313615438219,0.9096013248761271,0.5399909186086828,0.48063824082616263,0.5670535428643732,0.6507272004212676,0.4942520025036205,0.7324526909844107,0.4536305239683355,0.25130977140997,0.43998791464146886,0.6649128637203209,0.40834985806526874,0.5301076786152338,0.4862788606403057,0.7737102302826456,0.49637556087059226,0.4010779413385952,0.042571680444698626,0.5211812776826412,0.5617832167829344,0.5623297552905928,0.5300364114734267,0.3258666525861608,0.4979729621490076,0.4951448264177063,0.5069176804468846,0.38268118264641926,0.9947963557894143,0.789280494593119,1.0
Baboon_373,0.6508800061772326,0.2997048581933688,0.752270690178661,0.6067221199288149,0.7008326072083867,0.698818313052522,0.39094327857877986,0.37436797988267717,1.0,0.15402763897427504,0.9145289193034264,0.7244873978751911,1.0,0.388857663602978,0.5260582100230861,0.22094146546874854,0.8286351627183717,0.10711708373455461,0.0,0.6724958142560546,0.9168016796409537,0.5184276676732174,0.19793654402084856,1.0,0.4925569668191838,0.6129443099941736,0.38090648435307045,0.13760076952570083,0.972624147910898,0.661444528018791,0.8485335294286013,0.2362561037153989,0.8693573039054795,0.3289299959072766,0.7662037195208041,0.298114214164487,0.6030104068187147,0.36079988594840334,0.5009166127360177,0.014498992581979031,0.28992902007734983,0.8339346903374368,0.4198974556790304,0.9797796946059172,0.5885464771005365,0.563643539766251,0.4920431370592465,0.5151958336039127,0.48448817427651125,1.0,0.016094643664666994,0.8893338499722294,0.1937670540575787,0.31117761045001163,0.4134884013383895,1.0,1.0,0.8865202659385701,0.6502199363346419,0.0,1.0
Baboon_374,0.7239112818820495,0.0,0.5518484794190028,0.5686851951370424,0.31151981217027563,0.571446203165477,0.01788142904565443,0.776664702376418,0.5686532764850156,0.44932366961871145,0.9370632972506331,0.3108831298505093,1.0,0.44301125176188,0.1706462387736766,0.012432584965299196,0.0,0.9241630427100994,0.0986722136229312,0.21457853814389136,0.8427031905670274,0.3769355616100545,0.4364574526528806,0.5866040721698293,0.14338522221573186,0.3297179738167287,0.45940350283920606,0.6023484510253566,0.6644362895170571,0.43488439192705625,0.31091671540069815,0.4600146188675881,0.3512731996109737,0.12704055425536054,0.6442665860605343,0.4219704499175864,0.49063958584346945,0.27425953212190796,0.3673355972991988,0.6964545700706201,0.0,0.9616825259177146,0.38337768864031413,0.2817789350505738,0.4939058308476194,1.0,0.46395296848372874,0.8752995408154599,0.3019251440126035,0.8537052987899447,0.9264277426051175,0.6450385607978815,0.6987637410360713,0.3604684841692197,0.7428938771682754,0.49945548911905974,0.4266474032687853,0.5726430449107287,0.9847655772056416,1.0,1.0
Baboon_378,0.06095936275539896,0.02551573582119597,0.7465506757331656,0.9729605277516473,0.026457954739071404,0.5411734489291744,0.4295537170610356,0.018409747434280994,0.7083238100490079,0.5626451844717903,1.0,0.6556332252584083,1.0,0.5031463465717123,0.4844055002036541,0.13616877302920644,0.5517242550145005,0.0031997316873870873,0.0267805041593264,0.3712099137072274,0.09037257950724485,0.5473471670276273,0.15580753776705597,0.28748486416976043,0.4696346638454913,0.5674021083418789,0.2477363341023107,0.7320921167507362,0.5952868381934623,0.6014830684726558,0.40764025292330575,0.6591776176475906,0.5127026217798064,0.5198723260320757,0.5220544234482808,0.26717752920496246,0.4580712612912624,0.19407992325559706,0.24283819242059956,0.16553148713652915,0.37271303506764936,0.43452386822053857,0.09085640297997166,0.8273575801726961,0.08010177549676707,0.4992201706171026,0.26666730160884616,0.3445292529860001,0.3491710249640115,0.02330579828505924,0.3607261019039183,0.5415595917052763,0.10533102619257363,0.2972481147434938,0.12013076623129035,0.37634250080380577,0.48911539356912964,0.09390840214877279,0.8421445290924707,0.9209275411667367,1.0
Baboon_379,0.3726608808430477,0.5390228270047708,0.46605918237596444,0.13810686544671755,0.45782546624886755,0.7111049103420856,0.42083131382659805,0.16875986537378868,0.3076691626097033,0.36565377982079694,0.5274602813257058,0.9381598237381991,0.49380996685895956,0.320952469244767,0.44997022081260873,0.0,0.4034114862814678,0.0,0.07805986163680287,0.31488512088722515,0.3032086910612991,0.43073954190998553,0.13884884947814305,0.4556995948951912,0.2802863017333525,0.40438697574021665,0.37847100562409897,0.29441381156029517,0.9267279802322472,0.567977005359608,0.134715458697371,0.5077384657634147,0.2501986031622003,0.319735311498661,0.6183237661683999,0.5492833131311619,0.5613949383042917,0.4830476064806771,0.04836850891643998,0.3290657801302598,0.760676201076729,0.48873302876436864,0.8233490277352205,0.45942883082601277,0.34698984069529915,0.37564270448772247,0.48446499451131564,0.0,0.48061041594274106,0.5644919402610415,0.6546069001883598,0.5334363071502932,0.2828716132519067,0.20148564894001256,0.14827098534866223,0.7884321089346039,0.6040885353902432,0.46766418827023065,1.0,0.06651780914438585,0.07239626052369133
Baboon_382,0.0,0.8208640199404087,0.48303528765661274,0.8976367380409278,0.45959325788569133,0.35810408037574853,0.564291923531401,0.2238794535748785,1.0,0.5254724371200936,0.9143635521488489,0.5294141116589711,0.9765829546674943,0.29356009199165106,0.7224948770445372,1.0,0.29718203659094783,0.16116500111603035,0.27210838099573503,0.7260852595518688,0.7933810884571458,0.32471188258935463,0.3739730458729227,0.769717871278198,0.7683366200294127,0.32836742128192614,0.43881166437551095,0.4032128403465883,0.14765469612841026,0.7919956413279479,0.45064258938639384,0.3635865000807519,0.3992960897147417,0.8077577198561298,0.786644151986353,0.7491569124132945,0.20560766226362387,0.2768214717468862,0.452815817021603,0.502624302248878,0.8817002413412723,0.9179720695234277,0.6386568603880282,0.10161198891105391,0.2768366812124505,1.0,0.11219079086047523,0.7313123057447284,0.0,0.9592926596787908,0.7330881815498131,1.0,0.5529199148140046,0.8937629321598567,0.8735176279323806,0.5912309012900872,0.7449389190624882,0.8697167673783818,1.0,1.0,1.0
Baboon_386,0.0,0.7265277936102175,0.8008240125894519,0.21379203067400188,0.6896553005590319,0.11862433376842434,0.0,0.0,1.0,0.0,0.1561251906288998,0.7759726939793599,0.0,0.3368678210600802,0.28162564258687,1.0,0.6944607392653784,0.0,0.2587971884905209,0.5462967477353677,0.20378204500776748,0.34313108099862427,0.3433960688854066,0.9400011047391413,0.3836454114052679,0.4315082544606719,0.49610031231725,0.23514985658217347,0.012775608978513467,0.5601508852762702,0.4093365651183997,0.12398211607548172,0.438944140625351,0.7219336958148039,0.5184819353725569,0.0,0.04715768938044326,0.5442110140725324,0.0,0.0,0.3400138627965322,0.19789513303611048,0.410418017989141,0.11017483882779207,0.21113344964133435,0.0,0.0,0.9067874232091556,0.0,0.5469483677572221,0.10001705597663724,0.568445754379717,0.08149065639809605,0.12451524823599841,0.014482214756904426,0.9953626543029618,0.9103110829455426,0.39412024524393413,0.27478607414635614,0.07385072198441249,0.0
Baboon_388,0.0621385134011685,0.0329750655287591,0.0,0.6340095758281102,0.25224170963211634,0.42434743050447715,0.3015665525634589,0.2147147206667192,0.7630626899740255,0.4196669982520118,0.5970037533759945,0.2966645196384494,0.02198482519883373,0.448204227239085,0.4084089797116802,0.4413980290062571,0.37553343876433376,1.0,0.3171927390045312,0.5103775115733176,0.023066770065129086,0.45180111933094474,0.4737328870371375,0.34730615157689687,0.2868139011184148,0.47949145218013045,0.47313555401494845,0.3090641863658571,0.6091948336196736,0.5092266940835232,0.634432793580631,0.4050195332247534,0.6195357719297875,0.43536539141382824,0.46502183638918654,0.4705311745294577,0.721870381859103,0.41475941621338364,0.28763815523154934,0.3626762950579469,0.22084310673023183,0.3754159525829779,0.8341989063450124,0.3789124710512767,0.3558612284861752,0.4694810722266828,0.43587724242120585,0.7711050686439418,0.0,0.628984252935142,0.46570131759406685,0.5662207737842623,0.11394789244356526,0.23087106370628224,0.08596931523192158,0.4499033045856013,0.541379987967777,0.3684038991823509,0.7301984287496692,0.9997662061531969,0.9977938180194272
Baboon_389,0.29348675821828085,0.297831117548841,0.5750141625689645,0.37058277963338077,0.4639510802479606,0.7710349377003857,0.7165037807985273,1.0,1.0,0.9750643514505225,1.0,0.5980468851321594,0.46816360705713167,0.5046127985226068,1.0,1.0,0.5050815800286738,1.0,0.785757530763646,0.8290927809836971,0.9053357202949397,0.5012190852735228,1.0,0.8902064163554477,0.28164284080987606,0.7491399198053554,0.5538902140549614,0.5437797688690994,0.656112048109007,0.8775819614195063,0.4108665914001942,0.8883141280345294,0.35881285970086396,0.4976722569647637,1.0,0.563322981750176,0.9068202140307072,0.6587085361486111,0.6208271750928138,1.0,1.0,1.0,1.0,0.9266576215369732,0.5032409298566544,1.0,0.48407439177494405,0.9056544572638165,0.6041485313923824,1.0,0.8847411719047724,1.0,0.32400830447223217,1.0,0.9546137288527446,0.5469084476613311,0.5510095786651296,0.4935277898505323,0.48406499333605096,0.8605408666987435,1.0
Baboon_390,0.5448352693590258,0.48416184608726853,0.3095250365551722,0.4982176312648915,0.47714763488171696,0.756563323560619,0.41907341986752283,0.283933376394508,0.9161863453430156,0.4960501079961103,0.6131730099637626,0.7701712895191041,0.11154823495286594,0.4883972412292486,0.6724264995478669,0.3667099995874382,0.6220151887591523,0.42707205984141944,0.5941366261161483,0.6390966338220115,0.2571107001366616,0.3660004832921614,0.5251243195349523,0.7241305878228106,0.6766821476179944,0.23861805334618869,0.36443593342556646,0.23451863839113066,0.86321416034287,0.9083141789649956,0.22458643202315534,0.2352915148103018,0.3703723468101164,0.337645657370037,0.6333261629632594,1.0,0.6093670576345726,0.6906254565789285,0.29057871077720815,0.5501518197501166,0.8071816503908161,0.5171545584581418,0.2026020437460926,0.28788745356877293,0.42032669131366884,0.5528627022082911,0.4009160713050146,0.15503101088467855,0.5527672703609101,0.28076785843921975,0.7597694328245672,0.1126019963359256,0.2585601921586774,0.9195454033700847,0.28746437943056624,0.7317320610129244,0.8220248397678036,0.6720099182939719,0.9908436489682859,0.9885110951538951,0.8722242043675095
Baboon_395,0.36327175798996614,0.08379150565085546,1.0,0.20389500095689425,0.3712207131982448,0.20045090675954458,0.48096086140917377,0.028899075338409786,0.9951888750292518,0.2920524194952074,0.1585710206049109,0.45037375930368323,0.47898040305998796,0.03741956766205365,0.3716458343477466,0.006756012585822237,0.1138701062260458,0.8582913012749318,0.29276856562598425,0.4613176594872154,0.5492666963484228,0.3219498535965861,0.16054311017213038,0.2657927930489894,0.22947117470932113,0.4634002070678881,0.14452260981671192,0.3624392443134349,0.34271913578094004,0.5500693791726109,0.42853872278525773,0.047881721366652114,0.7762990304884919,0.04396600618162592,0.44070248538000106,0.0,0.14589196229293314,0.13907055174898447,0.2517919646083693,0.4263391050137835,0.848802627126418,0.5617491303508676,0.30615308111681183,0.2600516137665495,0.13644867018708123,0.48659589383903673,0.4472196113245242,0.7861884206043365,0.1317254018861105,0.7490553911945828,0.31545854723812083,0.5961643089708394,0.13782145907879326,0.4247916592682842,0.5513837352129611,0.1524337855264462,0.45376754222170174,0.5634371038361435,0.9762378283073463,0.08395952026243536,0.43528423942675537
Baboon_4,0.6281710525960762,0.0800365104491229,0.8520517814842374,0.9608857671749906,0.0,0.17215240901339893,0.4965777184186726,0.9916325219094284,0.45332864651245103,0.9481969089106925,1.0,0.3361427683562317,0.0,0.4890644815684867,0.7234147236745301,1.0,0.835439119827203,1.0,0.014945009010211474,1.0,0.8166436526546758,0.970974861492274,0.5695050254953584,0.5349995509725384,0.3831985055313327,0.740485128356711,0.10153216561390827,0.9949679512611103,0.09686691847935247,0.5925143289567354,1.0,0.5698556426428315,0.9478241061897955,0.3110039849731762,1.0,0.48444808965434766,0.9746424423076129,0.5187352131657206,0.36130669173524477,1.0,1.0,1.0,1.0,0.9829616612023175,1.0,0.9716897821025441,0.0,1.0,0.052984541693499816,1.0,1.0,1.0,0.7763032153171918,1.0,1.0,0.42929969169283977,0.366859697900773,0.5959499253609563,0.07410896274276112,1.0,1.0
Baboon_403,0.18820140609511618,0.18499096910569526,0.3509366958677081,0.16482678878345175,0.261401954663899,0.0,0.006679947030830852,0.8112077475476869,1.0,0.8070252781016578,0.4525147842634433,0.334420819546268,0.6917512083113572,0.08120803153149214,0.11100606219112065,0.7555246612461263,0.0,0.0,0.5453667306391894,0.24703170059357668,0.2729432344924893,0.11857099528654749,0.0,0.044152322021122396,0.3097481522991145,0.15440313991441837,0.3920195416575573,0.35657567721037525,0.9492162671771358,0.5330022493677563,0.13335744235901767,0.03666292571566836,0.0,0.37489519483779776,0.2431973989123314,0.7756247157451379,0.9662296750534317,0.3787081870889821,0.3218760514527034,0.10890562258776615,0.7206247749619161,0.500839661819535,1.0,0.18692953449866315,0.4580016454289627,0.4877034096014943,0.5500983743643703,0.38612114086369026,0.22889773033739177,0.8151868390555158,0.44472486657168525,0.469850524259251,0.3554310889876955,0.47018158694012885,0.6449447824667378,0.0,0.003830988037851905,0.5205907617125494,0.7886663712937074,0.0,0.9980873427291921
Baboon_410,0.12473005371857258,0.3419967361380271,0.4399851319696356,0.15077632710443267,0.37212330284634615,0.603328934378271,0.409491875400282,0.39422317107241867,1.0,0.3205344177145834,0.5508737510692333,0.6024356600888217,0.2101980509867274,0.6353758210097679,0.26128267992038823,0.9739204909199075,0.5424554287712269,0.9623462283961022,0.6639633299553588,0.5177061542763078,0.0942648870288888,0.35023526737627636,0.7086870273919141,0.5258317391663055,0.4576863067196247,0.4599414929597508,0.5359030988427348,0.12390370440484416,0.3983365742527232,0.5037084572667251,0.4314388870845617,0.2005009166721297,0.485015727685997,0.19903417204909435,0.4729337740638539,0.22846323558702072,0.577038886902835,0.6823133529499557,0.19570710903046679,0.5199285586160222,0.06791378761081812,0.44607147781844997,0.8759145538303443,0.2630485032502836,0.8869303741974234,0.4155920972646991,0.37037358312865437,0.38773444509517,0.6841380393249339,0.7489723251326623,0.46054615764683793,0.6510483682906907,0.302487118985687,0.6027702505123252,0.30874552107916636,0.6304402322447485,0.4562282492383778,0.48451174751389026,0.7631262801111323,0.9603577412149147,0.25591018410631716
Baboon_42,0.2629960153532576,0.34034013238264493,0.22661174607487192,0.7574161208780049,0.459466825224234,0.0,0.6774355910460987,0.0,0.37202653991802975,0.8969474310287996,0.894080978600307,0.8045130181323087,1.0,0.004943106370746874,0.470072407614448,0.25167276037181935,0.3309492861302485,0.20222274410949934,0.13146650413392844,0.409568216927566,0.17583810999628757,0.23959948132368677,0.7389899977713019,0.38775919756502125,0.6510685828995542,0.5136662434368436,0.009052258040009437,0.026480473829681266,0.921020645687635,0.5958347532255597,0.11752932208599312,0.0,0.25216372103900064,0.7314765317205698,0.592338500955271,0.40487488363292923,0.0,0.3381101702894393,0.27956818976998876,0.6126123580718568,0.3599659588967013,0.3909440542972741,0.4423468369222418,0.0,0.8092538634518098,0.7043147727650071,0.28449777867236015,0.37226754786872357,0.030493227239293763,0.4333394556745576,0.6804847331816455,0.6328562953417782,0.6466283739571689,0.4787457523805082,0.4302080835443724,0.39862276879259523,0.41622086040015277,0.215324093022498,0.7620593260295899,1.0,1.0
Baboon_439,0.19622754605054396,0.17910746083394688,0.49909976679390017,0.2854121651367747,0.7530921921834935,0.7313535457203777,0.5078542790237868,0.4279264134368646,0.7819345751602326,0.0,0.8467422223909812,0.922796808026082,0.4667395156167226,0.3949706227647194,0.6731226865276206,0.46353214985726726,0.5045087439558531,0.09644676648099687,0.07206858621672417,0.6553286813789069,0.41993822921928925,0.6980427513467409,0.7025819534586638,0.6570359605955932,0.5896885284709373,0.3482849127239979,0.5098887355043001,0.4051168706717337,0.49180108784309784,0.8509424968441232,0.4544845834716948,0.4548024283951959,0.5846119318551654,0.3128911046852469,0.5724898824364728,0.7141218433481181,0.4402980162850028,0.004317974685552664,0.9136392067575366,0.3973108621904747,0.5413911386928766,0.29873693191702394,0.07562251039720645,0.9684793219018525,0.46909840914523343,0.03320733481193024,0.4077540657591917,0.29006745265264927,0.0,0.200484568010617,0.44632585428040494,0.5037428942306028,0.0,0.19789023348011994,0.26121576629260757,0.8429685620466804,0.7672809919085355,0.6572166850343231,0.8183729266055173,0.009072838218378915,0.849128887332048
Baboon_441,0.2214558508099547,0.256955552216512,0.15547915440364257,0.29143998973208923,0.154050540553616,0.48036438877571885,0.5118761763253953,0.23828957111621088,0.5057999810151471,0.4591228299399392,0.8107816045934386,0.9731928560277782,0.11593140640868112,0.796756105222236,0.6283674547028308,0.32229196006904226,0.5297620048330463,0.0,0.7895821709357154,0.37778110484988553,0.29981680838752345,0.26677660882045684,0.5008874615576242,0.43652393075540413,0.2713142071224064,0.4212193732579856,0.582515436414427,0.3267169761832673,0.6194390018791441,0.8722117516030428,0.5960175048964799,0.12042096504092492,0.9312276519502134,0.49314640763750195,0.4829402478928829,0.888386264112802,0.3669402127093815,0.3931459844647849,0.12867137766110784,0.3861344867587283,0.5684807557665768,0.7094969186712299,0.1481180815527805,0.05293236506935225,0.37519517009398773,0.10344797213028589,0.3062241752462717,0.5666502677757455,0.8773272483800211,0.235573920581139,0.443768756984669,0.6093720428116455,0.07396012620680315,0.3748438226429731,0.4557590142980695,0.7478153757107684,0.3340453813223479,0.7700061733044338,0.621909301880007,0.6699170174695985,0.42608163978812
Baboon_450,0.8305031575292525,1.0,0.8590522228402718,0.8990875361043765,0.4914389221328412,0.814305005332487,0.7064621667669133,0.9055268895740698,0.3277548232919706,0.577312434226567,0.9580905884840091,0.5308002292425802,0.678681010326204,0.7903786594124905,0.8954767873980336,0.8150042340988176,0.681156473009258,0.9932103229658669,0.9648405701546244,0.8449679442430148,1.0,0.39090599473509374,0.49099177936539506,0.7662653187952144,0.642533698117242,0.2306704259317846,0.5563855575303143,0.8175690164396187,0.5349266127303838,0.3847112095302518,0.27065273871617523,0.8639717049788223,0.9817182492512139,0.8470714448457156,0.5696257733741079,1.0,0.5906742247002869,0.46253060411630315,0.21705125642706857,0.967033839535864,0.9549979417067722,0.9328012625234913,1.0,0.9344996517131555,0.5399768996559356,0.9170801330643522,0.6481958929033427,0.5164317770028108,1.0,1.0,0.847294653659878,0.6877861661207207,0.8019659779681659,1.0,0.9601143110401712,0.550992452281139,0.6060604819856188,0.9589355420615713,0.17375865004720598,0.5124976371768832,1.0
Baboon_458,0.2333864635146303,0.0,0.443916246123738,0.10973340770932916,0.7683031349312215,0.35887789521431834,0.38755086013440787,0.49989475850457754,1.0,0.9793652708808016,0.3762531918434266,0.8519229287228355,0.441924324523575,0.8523696409043164,0.7194263018147234,0.19240224995216973,0.19528785961289824,0.019069389987583445,0.13568531925349703,0.9373788640558873,0.5696254770209721,0.5899787729087982,0.8530014861956138,0.5459076618999207,0.0,0.4602490294670909,0.37537693409850215,0.37949444208252797,0.9259684178268686,0.724549943176698,1.0,0.2989733758987201,0.46809273895473574,0.3355601714167299,0.20089058728205733,0.9017988781593785,0.3793280395851049,0.5796969308381213,0.31810885780856707,0.015030108097052448,0.40997813054738813,0.3961767971781749,0.20975646570337073,0.7196553021147553,0.41285876419936035,0.33872999976806617,0.3192745513348084,1.0,0.5504396126119824,0.0,0.35051573516361656,0.5769716138181864,0.6533510887375299,0.2779428996573853,0.374547642871831,0.5153004735450147,0.3352489664214125,0.20402527231472553,0.9970649617958577,0.051132340543837446,0.6701294775871812
Baboon_464,0.649627647813311,0.048807633404713294,1.0,1.0,0.7575144901833405,0.20362529441412502,0.15860613363112466,0.06146088039532013,1.0,0.5232909103725412,0.449045735622792,0.6710265469583425,0.9241073955701377,0.6998961153499031,0.5262626322213781,1.0,0.4687564915109422,0.7412101283555697,0.05622920295527256,0.3769710036389606,0.0,0.38953307829255723,0.005103541160301828,0.05204914380936075,0.8976220022675233,0.4355198377749649,0.43496062559874155,0.531921753264489,0.6023176839950368,0.49573452236855287,0.46515089150009786,0.41598229367947426,0.514902975955925,0.9741652887901964,0.009655336324689756,0.4053461799531357,0.8101964602451838,0.6080670123611003,0.21485661348104754,0.36637646909646204,0.29602509160220924,0.9434479086573696,0.5774230474351765,0.5103884417490384,0.4796109665420435,0.18219883528333483,0.5019695462461727,0.9100517323861579,0.0,0.4793121537369508,0.5988182351799838,0.9656144116296476,0.7228670796649562,0.3300473994871256,0.33125483205081513,0.04780469706809965,0.023190158302675085,0.8126739667632424,0.9011507808893313,1.0,1.0
Baboon_479,0.6476622569411379,0.4908026258243281,0.525257230964471,0.6517413526788152,0.5025192031472586,0.7908678181546128,0.3967567994633475,0.0,0.9108250229279072,0.4660035953383584,0.9770420729572636,0.763128057672377,0.07560357920685,0.6691603316422167,0.8229710590078632,0.0358432389510206,0.5023480370798542,0.0,0.097121192868288,0.34562229800597666,0.07203647229979067,0.45922528852397504,0.6035387544215363,0.5399775021948765,0.47442402275812257,0.4962143085776826,0.4624411052616558,0.047469310065810934,0.33611485973353944,0.5074827342059525,0.41856064136557264,0.7886980495119146,0.6193253799520898,0.5063892525830399,0.5950366777438686,0.6009504026176438,0.3439024778690258,0.6701600144625468,0.2969430240924842,0.021747177406273886,0.6767224576858359,0.5222574074058509,0.35552035042875485,0.6815407197157717,0.0,0.5822487438359486,0.4779671529205115,0.18408624602002396,0.548955937789092,0.7919125196311595,0.41864342228248796,0.5166329831861431,0.4254725660689952,0.9917111612951224,0.7498086213036984,0.5689361192908736,0.5244263940893451,0.555879983959058,0.5565213787756526,0.8895697525846519,0.9970729946549549
Baboon_483,0.45077413500273344,0.500169547662621,0.14073086967096746,0.34569549576788006,0.5783253268424479,0.533377267866878,0.13432248798641339,0.32877998661249275,0.434301297744595,0.37805059524998985,0.9411965369940407,0.5324836208220007,0.20662442579486387,0.2154546421096845,0.6032270335869291,0.029564018452226847,0.37946934363708185,0.9991303935210922,0.17914818256112533,0.6377486988573019,0.631183881727314,0.4890791500132285,0.3512958249412417,0.20979353776025067,0.23206804071384124,0.8305843501156238,0.032822191093370465,0.9602193195220057,0.3593538202067464,0.5321901038622149,0.3888077165489377,0.19934687977615606,0.47598547984181516,0.0,0.7909879188049802,0.4768002161919589,0.13363715899048043,0.3059025005799199,0.11761383350860227,0.6620197767344017,0.590237141290255,0.9063818783974655,0.05421314032981548,0.533801938275517,0.5099483647481325,0.7197417279197981,0.5105213751600217,0.8251276085233488,0.24215710138075883,1.0,0.4980050950518818,0.41874321888421134,0.5135234094755803,0.6579377637170064,0.5621760546405435,0.7220355259626519,0.47131781479489127,0.46155531001757144,0.32697729491570615,0.0,1.0
Baboon_488,0.7359948203350397,0.6868959158791349,0.056226708536880686,0.6540137335661456,0.73856946413984,0.9542898137263078,0.29522694238373653,0.467706334197615,1.0,0.3037136744070519,0.5863714811912382,0.5486052763562156,0.13254839990959347,0.5484721929238316,0.41414934681039683,0.4173835297617869,0.5506765002675135,0.6831959069478302,0.9325577598982788,0.9405146495059974,0.8636366748325445,0.2627821282486156,0.6375953379640212,0.576667586616174,0.352218827857017,0.45430221136441756,0.6379379325409206,0.18610381481663427,0.058516424268371746,0.47024589295072117,0.666775635608641,0.5693371228606775,0.7682222292051191,0.7254757985341912,0.580361581568513,0.4234643480519761,0.38496971864718793,0.719111730829837,0.6827088333884958,0.9426864042463923,0.9242062657927701,1.0,1.0,0.4781467493519379,0.7320961736535166,1.0,0.3748928415033121,0.1125531580349946,0.08979845392821681,1.0,0.9984039722269465,1.0,0.5824166119629688,0.8332485398377752,0.6958891205351323,0.6273261469135236,0.5716299191371468,0.6956187466970117,0.7043970707104613,1.0,0.4777112496288499
Baboon_491,0.5984986773600007,0.855669071725369,0.6916315331949017,1.0,0.9787975565757079,0.8513216108802399,0.0,1.0,0.24917756617116968,1.0,0.9900228379160046,0.47979446559684974,0.07774584100989469,0.7749528845295385,0.48870179752902776,1.0,0.0,0.872298042046928,0.04303522509189619,0.1558039272381157,0.6930500869103592,0.43008154541052784,0.2853345823253029,0.7757043805263276,0.10999685078742277,0.4456631538155166,0.3534442437647639,0.9499216661282942,0.926728310386766,0.7660501359861402,0.14649366910314288,0.7873500066918964,0.7467035265578013,0.4297373334972975,0.15842387668189248,0.4693301081235195,0.9798554243980079,0.5477210992409595,0.6516024479544007,1.0,1.0,0.9102348430628922,0.8536677459292498,0.8969884491296043,0.9349345876844968,0.8672083587652064,0.1933579792305682,0.9519496901470996,0.05706187050787667,1.0,0.9913699585840003,0.6250567803518939,0.0,1.0,0.8527130523450337,0.16620861559754577,0.0811509193611817,0.18927498367583664,0.46522245550039915,0.2776466280924534,1.0
Baboon_492,0.7519854596602622,0.014248605963800808,0.5099064418303482,0.31314248781688775,0.2339484219891025,0.3589721539343565,0.6138928530829197,0.7230585034629596,0.6353514900431472,0.58369109777845,0.3248395769691345,0.7923326449296808,0.03818658127316324,0.4975918460988134,0.23769607857453853,0.44675226286933806,0.4084642609048968,0.15269616040973302,0.004555769537031029,0.4413955586064547,0.09213379971456748,0.39339638040828345,0.1619888219707828,0.5421096038079984,0.00994442671597874,0.4408672256228603,0.13456880042388877,0.33549329110303766,0.7877876822337138,0.5349573193006708,0.4250622082732931,0.21487898650764303,0.42213146247544503,0.2817950272894145,0.2933223588757082,0.4220428638118195,0.36856460695848603,0.5895484352344352,0.33491747064242006,0.5831776209805588,0.2895384876626729,0.4596284436229502,0.9470442156690021,0.04916152952961732,0.4665963423041635,0.6266630415308767,0.29849447004885593,0.39339369750694514,0.0,0.2575878789240211,0.5821844030334485,0.528976926098413,0.6943811800282125,0.2254598381730431,0.8506923532160721,0.5454598660624266,0.48137021477510983,0.27823219263781857,0.7306689367272985,0.9835027201733881,0.37205318929127723
Baboon_494,0.5069903190360013,0.5492929906602939,0.2592912306685474,0.15688613846485433,1.0,0.1311186357273151,0.6104999100179397,0.008744283165759145,0.22287396835627934,0.30826498951842835,0.3661735856198738,0.761032598075896,0.7985936755661474,0.9170243032016673,0.4843247584958151,0.12891199113203436,0.43764373239055177,0.06964655275793755,0.3275468083363206,0.6176370589331706,0.03649056101042224,0.49651496830691516,0.4412030127437534,0.385392603368683,1.0,0.43335116613098446,0.3020657779853722,0.12779825826160143,0.5268747740898081,0.7808821367315849,0.6916310399807083,0.7543302525328605,0.8305555606812808,0.9724445466047722,0.1577867381388246,0.9243319098954249,0.8459763636710168,0.724270036910526,0.62090238494508,0.39913560402904263,0.54027087078446,0.28836357695272447,0.6320750759454126,0.091727394481319,0.32491487940026603,0.5588682954062064,0.3478699323932814,0.15345265636782068,0.5154473495812155,0.323664235638832,0.5751086470614994,0.8296991223495763,0.4075170565832404,0.4080611469946357,0.2448560827236605,0.49207961189532334,0.692145666003621,0.9003548058544467,0.9676016109656358,0.7934009672979491,0.7555069581363805
Baboon_499,0.5743631526753282,0.5707618982735336,0.7153695332841717,0.20706424274265545,0.6918465053463122,0.626657691841111,0.1294110140993156,0.21762945926404617,1.0,0.16303389928505083,0.5934544128247158,0.8865427526947516,0.024191455070268306,0.6704084641382086,0.6909813787504862,0.40822146079793786,0.5616253753436434,0.18327430123080538,0.14365897757329346,0.4123410522644329,0.4377332077570166,0.6331112126106798,0.33652110074985647,0.14956622549432227,0.6561854776552,0.41321746292875616,0.362376505622971,0.40520381318000037,0.5760880492598486,0.9016684113471095,0.27241391114816565,0.49358497013192676,0.3408711144184866,0.3120847904747124,0.5001831725484218,1.0,0.3040426114756898,0.5986994574094038,0.9376285008147681,0.5356573066019348,0.27258536757959545,0.6183783563955965,0.5451071381225671,0.08569564415931118,0.04524080221130001,0.41647387689514603,0.40976888014996304,0.16038922618410226,0.37977964496621985,0.8866501810037997,0.18501185335005385,0.47218216980981426,0.15525989188634393,0.2649522811039217,0.3423318258735133,0.6930505507089847,0.6355602497325875,0.5875795807913846,0.6684916260316563,0.4276207634259031,0.4887876929397612
Baboon_502,0.46809916853103717,0.3630606144243054,0.5040693457479426,0.0,0.8970184084294776,0.7788671481209226,0.5802323579787612,0.100447996393447,0.5704417141314629,0.6360940827443777,0.31206663030020443,0.7530797079233034,0.2617403797648176,0.6814488941421628,0.3021423506722953,0.9245789238984587,0.48120641995652896,0.1518844504211033,0.39692707863888727,0.6525312276544963,0.6991366194145529,0.4851848751528762,0.5339348242823959,0.4734506101747672,0.492893031057109,0.4299450420922846,0.4532184916246946,0.7651425015656038,0.7122074165028345,0.6367157639524726,0.49658999523497044,0.46220940707232616,0.6631307787650618,0.8226888253085285,0.4548183083942263,0.9174639437629813,0.37539055470814114,0.3050057674932677,0.6055470580615926,0.9156263717998167,0.716370875471136,0.7751041948216532,0.5243786886081762,0.4239180884652984,0.694174681902494,0.7877790096616754,0.5219765526620563,0.7104023559738033,0.0,0.10186338757870597,0.6399574341632714,0.5235129602786835,0.32353135671595434,0.33354482882827624,0.17298120842879058,0.47623212520284247,0.4092653476231723,0.4213363486845148,0.8209312412606292,0.49743440738081124,0.3355215183878517
Baboon_503,0.35706787365335124,0.24347190382139283,0.9288797448312268,0.8157510892539898,0.888459025844308,0.2607387972014226,0.3853264230446846,0.34101656484189624,0.4533001947282397,0.6103787007753507,0.7649158589076505,0.9055425880192972,0.75630667781748,0.617291668230133,0.8636090680470933,0.6173890142169607,0.508375895688217,0.08125695946974015,0.3450336314600826,0.7390725769624101,0.2923070868604548,0.4176940482424505,0.6643356377497786,0.038028003161610646,0.8144974198834882,0.5002893620393878,0.44242726920572556,0.571092667670519,0.8213159748717878,0.7086793608557571,0.4715734339118527,0.1693933578495072,0.6463089557378158,0.38469509055244644,0.2896449018920576,0.9362502406132549,0.10013229636615949,0.6233522229006427,0.5714034218647956,0.43893754238139804,0.38137487341444165,0.8159947684131541,0.5340370789890533,0.4661457515869259,0.44220594070491376,0.4586642121305551,0.2119199500628862,0.8698977339406749,0.5997637787034773,0.48447664994065287,0.42061080675112467,0.6725985283040259,0.5135569741627111,0.3190594252259588,0.5773503818053479,0.5591118685987684,0.3888004225514403,0.5352158347695224,0.7534483381904381,0.6020954959437403,0.835948000278667
Baboon_506,0.2602616782371864,0.1435357526647207,0.790515619791743,0.3966301719749492,0.31447045976414606,0.0,0.2360017940767342,0.42121464469575826,1.0,0.2947325009750207,0.5584373220413916,0.47627584485846025,0.2827637828805307,0.33872317310211436,0.7472454472567973,0.38741294856564384,0.673060439822231,0.9549165864857464,0.2450785725453584,0.2745312523817493,0.0,0.5230665848942321,0.7870772340343685,0.425225506319135,0.0,0.4229379705985359,0.19416591143473524,0.08709581570854241,0.19310762332515977,0.3473463150854024,0.18236689035466475,0.4292652275217066,0.5935358690130571,0.6793304755963874,0.10356972961824362,0.6487037109808453,0.6887675865459478,0.30026214091716713,0.2260351647213191,0.9711285565029232,0.14421835757486123,0.05861964842693405,0.18300862554961153,0.20157270332524085,0.49411460632571824,0.37338309435033096,0.3227478173115867,0.42271617623419844,0.10818294048778794,0.44979101895273643,0.44856342611373534,0.48957041944043156,0.29528382875360903,0.3559955478847161,0.06208451606219828,0.23869932606265787,0.440273398475698,0.605551358191382,0.12070156709917522,0.1800234871272026,0.06852129783468429
Baboon_507,0.1258150068754779,0.1432496756180908,0.8360095573673691,0.4891758963778993,0.9497113613147714,0.21139514145234822,0.19698169262590867,0.13568873874018061,0.0,0.22850271173806577,0.3984024402502772,0.9359149222402164,0.8932397009805423,0.5564499635846386,0.4432402432658758,0.5159510816253323,0.42685663145452024,0.15828182653709189,0.14754052321609598,0.4442685572912314,0.06053651150997038,0.22402001997438858,0.20753198656642627,0.09685039382264449,0.31841205961482894,0.23871163978849025,0.16249734646679712,0.21879637339910427,0.029748137304000652,0.6771407717782268,0.27461362586953764,0.5024252865171037,0.3800907946817383,0.28271624742560586,0.3930268632432215,0.8693122816690348,0.1403828504878021,0.4070490917701236,0.1453434725425902,0.11635875103404081,0.11338699582452998,0.44702987734213046,0.9414735921072268,0.9213632042151395,0.46059864020338714,0.07811447591101489,0.11194605855373543,0.18224002847778173,0.009757585068979426,0.043452047651411176,0.468787156444785,0.6444189879377492,0.2737075768770828,0.34559568058418816,0.357670784647691,0.8927859208087409,0.6320316562175677,0.11111102735034506,0.011851026557739279,0.8048071808403179,0.22510126723564997
Baboon_51,0.7868146241497904,0.49771465687543925,0.20568627705753262,0.36021730248236966,0.2619457595150807,0.594742864544124,0.5907427069606994,0.8764671497858182,0.6550847935967384,0.6874124487867321,0.4357698399534864,0.7292219844938569,1.0,0.3898780991097977,0.4866385081597453,0.28417455695500293,0.5301023120505916,0.9353925756779239,0.9202455008741037,1.0,0.8987615409688565,0.4432496560511459,0.5340729865865012,0.4436480870851535,0.5798980517319249,0.5169113017441695,0.6179678856807426,0.8307668725042617,0.3017706787770061,0.6135374559848269,0.6468904629907584,0.7665900328228524,0.5116659321711493,0.6638118161176172,0.791782233251915,0.44817782571833575,0.3212436249873555,0.5042967487955561,0.5509482961048173,0.9305940137928109,0.3414373249638247,1.0,1.0,0.5971879829609039,0.9414280600594377,1.0,0.6557781344522726,1.0,0.0,1.0,0.9951449088440893,0.648696141132272,0.9919118862209555,1.0,0.7903681575356426,0.4508503214849888,0.4307425303281152,0.5929818088813581,0.7697730080724935,0.4775649329336313,1.0
Baboon_512,0.2297399011937773,0.6618474423366018,0.13016390366240765,0.5906934949573497,0.21808188453193428,0.33612702592183114,0.6314952169062669,0.11733435778763172,0.9949021816057343,0.6095777580383207,0.6973679760582882,0.9043739490048073,0.22540961088797115,0.6405677643887226,0.5532096855147306,0.6087501850390905,0.49336186244750113,0.044449286677197476,0.3469172798719868,0.7545985905049614,0.9780639498188557,0.5921942107296313,0.9259041817893515,0.7165240322757276,0.3857384659424908,0.6527677108364457,0.6403735017166593,0.5796748382578113,0.9288035300750538,0.8970189470753963,0.7928318163803755,0.40452686205949984,0.6351723417599795,0.5868598006989605,0.6461625861740553,0.9214103877048476,0.3481997136741177,0.2388689609402255,0.7426624220227283,0.3499797270294031,0.545794865178559,0.7820600715559615,0.9262421783902994,0.6272496366967221,0.1175759701100828,0.27454386055718766,0.48322338973464773,0.5312975261248073,0.8914443307044473,0.751531387068378,0.4931005317045196,0.5892244950239731,0.5537424899045709,0.13936537065444773,0.4051373870695228,0.8549098326547445,0.7457711820354795,0.6807224588207935,0.9901002928954445,0.6367369432191265,0.22633899674056512
Baboon_518,0.34318987099214565,0.3250594064634917,0.0463723017591693,0.5808792782881897,0.6714256382340259,0.8039306095787105,0.6419779866092172,0.03886911491076242,0.0683731742227574,0.4903429890944182,0.5677433864168874,0.4737359398791913,0.8503507825694736,0.49600245932639553,0.38547923249580357,0.7294802067637132,0.5441736527731257,0.3072436698637818,0.6838533928749866,0.6396222541721254,0.523766893115781,0.5674126660390915,0.5289070629819828,0.5362197482975165,0.6537674594846157,0.5883308210999176,0.48255723192520594,0.49929924447692436,0.5263140117927545,0.5504328975275966,0.6300396096492552,0.656320604830727,0.5422496083097704,0.31706276734630945,0.49698371003530645,0.7834239051628678,0.36550942670066694,0.8256112436194809,0.4900498402231744,1.0,0.5388172481102373,0.6349906460712303,0.5167256117121352,0.2151916671388755,0.271824094281252,0.8085147109837301,0.5634364335510968,0.20169504800743832,0.0,0.756396019195724,0.3772900666356743,0.38199820475600355,0.2903949895465117,0.4876001128836511,0.47554707429503107,0.582594177260698,0.5620371982175613,0.6604776893688697,0.9542803397177164,0.0,0.6952740133886445
Baboon_526,0.12869060947337482,0.01845798332629368,0.1325571330889035,0.22284195008068605,0.6382883078443584,0.5479585430994678,0.025821904571480807,0.1019330025926632,1.0,0.512208116546974,0.28911393635516225,0.904251036025235,0.9505153309214996,0.3643292759921546,0.23509656199611495,0.9977522476498322,0.34620774854846115,0.19376977669675144,0.15156189125430675,0.14248493351633815,0.5537122337202668,0.4725849258819751,0.11567107510159735,0.4766008576612679,0.4392246437575745,0.6814709170780034,0.020794085617292152,0.48424854401679585,0.6604579427301687,0.5876598967775153,0.475036571128847,0.5467082788305611,0.12205071965436712,0.22604150991727234,0.48206326567983543,0.493332072716626,0.3263613149945636,0.23560058995331787,0.17648430863946055,0.018343909354269595,0.2100660637673138,0.28333804112720096,0.0,0.6563341948346755,0.32898799382095306,0.15494167440805157,0.37208364503007874,0.6887541755872557,0.5391182275754162,0.09095822449553292,0.2495651904979871,0.17818437836520803,0.07176646721310648,0.021771751934511963,0.09358492862593396,0.9119819112212155,0.11219094562718608,0.5272430379566277,0.011669282047376257,0.0,0.9754756003891601
Baboon_534,0.13202075189113915,0.4725110847663519,0.2970545028914791,1.0,0.552862418362673,0.40981137524982747,0.1253977454833379,0.1533125416675052,0.5050385166971563,0.4373606903385508,0.1899358404415731,1.0,0.011531652652506993,0.18598433508441903,0.37645737418251257,0.2163694872811782,0.28456519801727653,0.44281809849821,0.335597619217756,0.5323600468774794,0.09661049700138988,0.3330810248923591,0.2813651498840364,0.5181410945503829,0.5888317246822591,0.44218348431831833,0.28028047172355863,0.20097564862121442,0.9701260717867517,0.5659676272138406,0.1719357716865095,0.48320102175970486,0.6075547169455744,0.7663276908434249,0.5072868643498248,0.11217255014773199,0.7358408223929765,0.6096606188934928,0.6001760988006347,0.8620070314638034,0.5020200080298337,0.5501944643285993,0.19606029538195802,0.2997140802541819,0.5150106718718845,0.40122540830920655,0.5058020877921131,0.4944775182681215,0.6865829702394751,0.39766382506970555,0.3813327138576406,0.39027982010638684,0.1799206863320825,0.3928150925289677,0.6325773008682672,0.6941722135296826,0.5020872997245379,0.14770496249597576,0.9793384188562235,0.026884487162465286,0.34906194084172903
Baboon_544,0.4470133155526336,0.0,0.0,0.888256323470898,0.5442599530322927,0.09569946835154548,0.6124339939170176,0.1489709760625792,0.3068313264411606,0.7302068307459604,0.915491762196709,0.5224262083624952,0.7839354956581531,0.5647921571731315,0.7079705924869292,0.07217756027291805,0.5388347387154706,0.9086693785734486,0.03667471285325875,0.803153117418068,0.31047193859390104,0.33614001673542726,0.4421641907174037,0.45944559863156254,0.4060945869742568,0.5610380538207311,0.0,0.8275939231156885,0.9740534838350944,0.36102086738594946,0.45526256643140506,0.03843679724793345,0.8212527801543354,0.0,0.5536332961082662,0.024946501200195436,0.36592612186332374,0.0,0.350134221817855,0.6027598013060387,0.0,0.7040562837069055,0.48987644564932775,0.626204258960992,0.552743483167814,0.7299199879420037,0.4019524103305161,0.42300747705503894,0.1290171077578972,0.47968366706709303,0.512494816495546,0.4446291735414039,0.8628408120569319,0.47782384262801814,0.0,0.4861544648712938,0.6048921958563365,0.15992599619509026,0.5936652702747651,0.987261112305807,0.0
Baboon_549,0.9271911942473159,0.0933829424372721,0.05611611095399095,0.5634601652443304,0.2993607579470825,0.5551979276725907,0.09275671480736575,1.0,0.4333324326094684,0.9137575929643774,0.9880922182573826,0.40359334734565083,0.024410375209403118,0.2922751826318488,0.7809930149004964,1.0,0.433166450812533,0.5336134819855911,0.0,1.0,0.19521959828437654,0.3407269852185248,0.049227186341727416,0.3828385598721159,0.49042640206964083,0.6105307329059382,0.3161238132542554,0.6005242587336329,0.6038154924552367,0.3649862464769889,0.42687406785012605,0.4155025269875514,0.7911777500374985,0.635610541981956,0.782414318957375,0.1289675930120216,0.6773878980773907,0.2617441887315484,0.7713931749692461,1.0,0.8872186006085004,0.9985638095949662,1.0,0.5608535102107441,0.903682535873654,1.0,0.548286250789871,0.977656727428284,0.0,1.0,0.9939171347053432,1.0,0.6445678166267206,0.8408913369320975,0.9394225208294723,0.06983339174254623,0.053688913118416774,0.08402117836412337,0.7132387733782195,0.9899017951016472,1.0
Baboon_558,0.6294819781813125,0.0,0.39370155939219886,0.4829251990807708,0.9720746982999745,0.0,0.20487436872260975,0.5243045250275045,0.5000623229347291,0.24747947912285162,0.43214133244829794,0.6142716563333719,0.026617383099048642,0.16786319942748504,0.49795960688549623,0.21540995810779195,0.4435275533054555,0.23339836245290396,0.1089644229962461,0.2877091758878249,0.28289894230337975,0.49330103976249556,0.1683284668833202,0.2191584658611102,0.30742482998623544,0.5924168597921096,0.0,0.6386360633931766,0.06590398881939014,0.5268735138456891,0.17489901889957138,0.6963345483141379,0.3011751370154562,0.6145671072697203,0.21162807472605125,0.5584123500584542,0.4748374076248414,0.4045194831901452,0.8271059439225503,0.4812116097426778,0.7529648512693856,0.9599282627674793,0.36453604102706516,0.26997045539121656,0.4441597786771451,0.8848301080210296,0.5973382304339676,0.6078476468514588,0.009650525024206621,0.5242761683131472,0.41062827514251815,0.35542274204578145,0.6913937221603081,0.7302746923002504,0.3882080683602876,0.3603133406526293,0.4848446717426826,0.46351267082064285,0.21047356031226228,0.07493907088040475,0.2964033303590667
Baboon_570,0.2682386847358026,0.561170728210371,0.29065509986921106,0.8275472694108781,0.22018807258662296,0.06964381776251503,0.34496234106904006,0.26928462672121034,0.15194568025384284,0.5889472497058139,0.4219179334171532,0.14799190452035807,0.040759034443014215,0.2823294513353249,0.6149279595376365,0.00024138161713669004,0.48943211866555336,0.0,0.5249309591603267,0.9224253065873764,0.7020019251128722,0.4971933545265925,0.4694756672622234,0.4781060785949287,0.31580720423055436,0.5078306557407558,0.5414311121656028,0.7224973922003948,0.8267083729919781,0.372919201559341,0.788425370171077,0.5116187334850629,0.5527244848095488,0.5861627400540639,0.3967582478881035,0.008979359418155494,0.6935063272086353,0.17899043571584797,0.051109559178878196,0.9264293324546764,0.9171642037494541,0.8264170316310318,0.7004496713195282,0.745017049022581,0.5399642484441327,0.6267901599752627,0.4427168441880872,0.10295869326068874,0.06732037277639083,0.4651833985175443,0.549370447047454,0.548157260075793,0.011284349450169788,0.19780128190061147,0.6237665706837037,0.3576660757661756,0.5422988075044572,0.6628709539610472,0.5819316534498336,0.6883373011071792,0.9338020446183388
Baboon_595,0.0651054981634778,0.38523333777410806,0.7585848063227996,0.9449736990496655,0.560451240230988,1.0,0.8316957214089158,0.9969968553553523,1.0,0.685722070482072,1.0,0.6874148442415021,0.43736054103561345,0.7693826745189706,0.7470197896654649,1.0,0.6289800796847256,0.5195431902164629,0.8489131133976019,1.0,0.9762345786169421,0.2819630659281776,0.1148450017164275,0.5457998992745179,0.41033733490064317,0.5495842885321798,0.7138478866559159,0.8974550116314239,0.7619188393227747,0.9860119713540483,0.5192494344144316,0.9710634615659955,0.961713425880711,0.19090808201508483,0.0,0.5948428590703472,0.8201053596601966,0.3775510409771171,0.42995186967549864,0.7936150035922053,0.8753920909457713,0.9588412610353152,1.0,0.2755866623150019,0.15026623054264815,0.29634087284178995,0.0,0.5495626606825632,0.2895081884407865,0.9775016458146855,0.07889500133913357,0.8021753164317892,0.32006549420452207,1.0,0.742497751224277,0.2713552132872333,0.4667506037968675,0.4012010220181573,0.7976262221973438,0.3631923572464161,0.18105665335421173
Baboon_599,0.6263151898236772,0.9638995695727515,1.0,0.7113653583203913,0.8077714833786355,0.7304133709431175,0.8030681621516415,0.2939878330467721,0.9781630181527563,0.8935055968892468,0.852466862883844,0.8946814997694862,0.9664507607092047,0.8600852087755778,0.6819605332867469,0.4811564009851456,0.4331199283666823,0.3689431057368541,0.9403995598693359,0.9940163595331988,0.5572732688439165,0.39108527242371016,0.725537915966886,0.34096759151020234,0.9248508591922967,0.27406782550996783,0.7814193593052077,0.1620664230940576,0.9938026446849487,0.9650519490453497,0.7391614832156941,0.8029185643324528,0.16095098979454492,0.741238591519614,0.4896358811192379,0.9485772101980114,0.8583348415240767,0.9137664932577013,0.0,0.6182180940642398,0.455622069348515,0.9996811634387532,0.2460084420620179,0.07405220805163519,0.7285954620743755,0.21906423605670042,0.5341907240516034,0.9374992134502962,0.48156279985151706,0.619504902504499,0.4905726896192797,0.5654096006825988,0.5285998701260293,0.9477246130095599,0.4377489252751538,0.7709728550640805,0.5549562229271915,0.5784564077568851,0.6718259672910525,0.2939293286108822,1.0
Baboon_61,0.6847160535265052,0.36133939184876496,0.9863222419449656,0.7939521676492983,0.30233476528528613,1.0,0.46098268138459325,0.4080027950556059,1.0,1.0,0.9485744850790238,0.7946033482970307,1.0,0.6871302618303466,0.6551898038046214,1.0,0.31977928898287167,0.8836549980331034,0.010040693811737162,0.8303478965251959,0.9574497736130418,0.35441280377771406,0.46490880665474393,0.6109068273056325,0.7893648671816614,0.46747037657192897,0.4511559928744136,1.0,0.9221316751569669,0.6374679796690935,0.9606021939308026,0.956374416436881,0.49677090693420567,1.0,0.7510167572029134,0.4899077584343923,0.2187474343203294,0.8301897468700254,0.6478158075123795,0.8316817054501724,0.9729794909926024,0.7439812189575844,0.6112885222014547,0.7427071619742079,0.8464235266471359,0.9898424101090725,0.7656880000812238,0.5670736505265677,0.5202815662275988,1.0,0.6508430512067135,1.0,0.7352388451757064,1.0,0.7913880048958901,0.6791227576570981,0.4101531437023589,0.3834718365083154,0.12440396337779493,0.9925935868360267,1.0
Baboon_64,0.7325815773018595,0.0,0.9258815361967784,0.7814540759041463,0.8610323352970145,0.6122654702250184,0.44415671439751475,0.7803481144058391,0.30889557827387865,0.6990558803107568,0.9416174453590406,0.3560405771797801,0.654604611990144,0.8160520471526169,0.8975983511755838,0.8243858254162595,0.548621996614706,0.34667597305133424,0.8779819655203568,0.5760261292904072,0.3405928766657529,0.5919133781748482,0.38625019035467023,0.4879636476468098,0.5899275298595132,0.615393974158415,0.4706976490290064,0.8153962385662007,0.9740031952564073,0.6469067356259741,0.44596870767780583,0.5493405089586029,0.45450971969630527,0.7695132494193576,0.5337906611093924,0.9048550538267685,0.4955851278001234,0.6282524603672233,0.5814810530363169,0.5028157728163473,0.7456192255760132,0.6407125157029638,0.8153435524855891,0.5127606014905977,0.6465125696909483,0.6754337915081825,0.6400913254957868,0.9070525225688119,0.5055295194242253,1.0,0.5363637979181965,0.547912994569726,0.48303759009449676,0.6502651149957578,0.5959147513051254,0.408786794929275,0.47233640917747044,0.7376649834111236,0.838685382831823,0.5168950385642602,0.601200657084198
Baboon_74,0.5856961245893664,0.012249601179894192,0.43412951290423607,0.4135010072234016,0.09530678031905127,0.5220711059531487,0.5134472972628266,0.7707697690046833,0.0,0.9693028661988013,0.981072328231926,0.8672152342206934,0.5144822976729735,0.13696351342795354,0.3068160411473801,0.016697036852154266,0.6353391471217882,0.40286391701781477,0.34592213295953395,0.5024546293338183,0.00766902079048259,0.6037891501513829,0.7025757033931325,0.6201292876475142,0.6216243737690786,0.41279270881850716,0.01756964916053405,0.36076828436227215,0.04999603204689764,0.582554318129943,0.6076504851365374,0.12294555453920679,0.6360390246186437,0.061818064820490626,0.5159642565693063,0.03879536879879157,0.4136562737224968,0.37646439670224735,0.05193894584015266,0.9734298604118652,0.8879645435433409,0.9936972417933763,1.0,0.3599617048372314,0.8979474480210368,1.0,0.4376043724684108,1.0,0.02880558436640683,1.0,0.8559431131862187,0.704244393062554,0.0017975000270028989,0.9070888744407776,0.9940524180510121,0.41226262324456725,0.3681369836786903,0.5388251078462457,0.20465640497693616,0.04983547641160379,1.0
Baboon_78,0.40286105644798165,0.6147138012974036,0.7594063490746902,0.507366162135304,0.4588844625908901,0.14889553053125526,0.4926435793439205,0.3256902310689406,1.0,0.3553685248120307,0.7141850185256938,0.08011418925995543,0.8359446043751707,0.1697331817156436,0.5152232618639672,0.0,0.4834922412700602,0.6845732982118231,0.5245690989072617,0.08185697852204908,0.09852205597893654,0.3009959149178748,0.5600870588057352,0.757642788934514,0.6666143640325344,0.380640286527208,0.5348068945482369,0.19942973193781083,0.034057966246123575,0.45591708698216543,0.38268430688190264,0.3291536444241803,0.6119696861319617,0.730217114304672,0.5541000334981611,0.3442935729043491,0.5151750884507317,0.5058097671121683,0.4279206344365468,0.2469396165963266,0.7794958363242761,0.5210950450104432,0.868024173158744,0.08603014081876745,0.4668810214875322,0.18964918513353665,0.45701532158342495,0.5832923225166822,0.0,0.366011083287439,0.4753946305738655,0.5221382501225866,0.28064012784509823,0.315071035773794,0.37078101311908584,0.4983625640140854,0.4874276284494807,0.0,0.0,0.010887552319299798,0.8193946001493578
Baboon_96,0.9433689202623181,0.09155753256621753,0.17501552491202127,0.6220952655872265,0.3561686753402057,0.8743020586196113,0.6973075914166121,1.0,0.3221073105273151,1.0,1.0,0.5604710659619782,1.0,0.4615517598467313,0.12288209446456905,0.9875487434055359,0.4266189760924409,1.0,0.26142333129795087,1.0,0.0,0.7392665424327568,0.6759372303449562,0.5040474841320405,0.0,0.8245413792336267,0.3380204061546947,0.7536770593215127,0.38135025163157077,0.3325769147323085,0.8858861546684308,0.02303899056384927,0.9294773284318162,0.9179697879559183,0.9896007832131509,0.6116856791057216,0.831930843229218,0.9309095241288735,0.1518849686949199,0.9867189052948732,1.0,1.0,0.7300853180674486,0.45762336822132,0.8734975126896186,1.0,0.2677721734515519,1.0,0.0,1.0,0.8919762928636569,1.0,0.0,0.9447393994976054,0.8187470902057067,0.007075048588607054,0.0,0.18540587802774613,0.2375077248754925,1.0,1.0
